index,OID,Join_Count,TARGET_FID,osm_id,name,Lat,Lon,Population
0,-1,1,1,60715164,Goma,-1.6665278,29.2254167,6.88166
1,-1,1,2,83540909,Butembo,0.1248611,29.2920833,6.29194
2,-1,1,3,310057586,Kibirizi,-0.9081944,29.2029167,15.94287
3,-1,1,4,310819376,Oicha,0.6968056,29.5173611,2.67179
4,-1,1,5,310985979,Sake,-1.57125,29.0534722,14.49495
5,-1,1,6,435553907,Libokora,0.3490278,29.6420833,2.67179
6,-1,1,7,435574818,Sikwaila,0.6231944,29.4856944,2.67179
7,-1,1,8,435754727,Kipese,-0.2381944,29.2918056,11.24232
8,-1,1,9,435818462,Beni,0.49375,29.4651389,50.14311
9,-1,1,10,435846536,Butusande,-1.1481944,29.4304167,15.94287
10,-1,1,11,436062748,Kanyabayonga,-0.7004167,29.1704167,15.94287
11,-1,1,12,462145515,Kitchanga,-1.2504167,29.0609722,15.94287
12,-1,1,13,626501260,Ngadi,0.5393056,29.4920833,50.14311
13,-1,1,14,626508813,Mbau,0.6529167,29.49875,2.67179
14,-1,1,15,626510246,Kokola,0.7818056,29.5995833,2.67179
15,-1,1,16,626511880,Eringeti,0.8520833,29.6123611,2.67179
16,-1,1,17,626524387,Kasindi,0.0479167,29.6868056,2.67179
17,-1,1,18,626544643,Pasisi,0.5034722,29.4070833,50.14311
18,-1,1,19,626545213,Bingo,0.5220833,29.3198611,2.67179
19,-1,1,20,626547067,Home,0.5573611,29.3234722,2.67179
20,-1,1,21,626550496,Matango,0.6123611,29.2929167,2.67179
21,-1,1,22,626734473,Walikale,-1.4301389,28.0765278,19.79753
22,-1,1,23,637529252,Kitika,-1.2084722,28.3645833,19.79753
23,-1,1,24,638592433,Lubero,-0.15875,29.23875,11.24232
24,-1,1,25,942807849,Biruwe,-1.21125,27.6018056,19.79753
25,-1,1,26,943264545,Ishasha,-0.7370833,29.6234722,15.94287
26,-1,1,27,1070606668,Tayna,-0.3379167,28.9526389,11.24232
27,-1,1,28,1070606669,Kasugho,-0.2559722,29.0004167,11.24232
28,-1,1,29,1070611313,Karongo,-0.1981944,29.1829167,11.24232
29,-1,1,30,1070611321,Kagheri,-0.2206944,29.1268056,11.24232
30,-1,1,31,1070611326,Ngango,-0.20875,29.1715278,11.24232
31,-1,1,32,1070611330,Katumbi,-0.2273611,29.2148611,11.24232
32,-1,1,33,1070611334,Kitowa,-0.2004167,29.1695833,11.24232
33,-1,1,34,1070611339,Migheri,-0.19875,29.1829167,11.24232
34,-1,1,35,1074007163,Alimbongo,-0.36875,29.1559722,11.24232
35,-1,1,36,1074007172,Kasigiri,-0.4223611,29.1273611,11.24232
36,-1,1,37,1074007184,Vutsorovia,-0.39375,29.1729167,11.24232
37,-1,1,38,1074007210,Musindi,-0.3606944,29.1495833,11.24232
38,-1,1,39,1074007226,Mambosa,-0.3434722,29.15875,11.24232
39,-1,1,40,1074007232,Bingi,-0.4079167,29.0784722,11.24232
40,-1,1,41,1074007260,Gunda,-0.3704167,29.1115278,11.24232
41,-1,1,42,1074011529,Kiribata,-0.3854167,29.3170833,11.24232
42,-1,1,43,1074011538,Kalimba,-0.3979167,29.3206944,11.24232
43,-1,1,44,1074011563,Kirikiri,-0.3648611,29.3131944,11.24232
44,-1,1,45,1074054120,Kayna,-0.6093056,29.1726389,11.24232
45,-1,1,46,1074054126,Mbwavinwa,-0.5706944,29.0056944,11.24232
46,-1,1,47,1074054137,Musange,-0.6968056,29.1554167,11.24232
47,-1,1,48,1074054140,Kanyatsi,-0.5429167,29.0451389,11.24232
48,-1,1,49,1074054154,Kibanda,-0.62125,29.14375,11.24232
49,-1,1,50,1074054155,Mulinde,-0.70625,29.0551389,11.24232
50,-1,1,51,1074054163,Luofu,-0.6168056,29.1129167,11.24232
51,-1,1,52,1074054168,Lulinde,-0.7531944,29.0604167,11.24232
52,-1,1,53,1074054177,Kasiki,-0.5881944,29.0690278,11.24232
53,-1,1,54,1074054179,Bwasinge,-0.5198611,29.1495833,11.24232
54,-1,1,55,1074054190,Bukomerwa,-0.5248611,29.1159722,11.24232
55,-1,1,56,1074054195,Kilambo,-0.7340278,29.17875,15.94287
56,-1,1,57,1074054199,Burangiza,-0.7240278,29.1720833,15.94287
57,-1,1,58,1074054207,Bulotwa,-0.5865278,29.1756944,11.24232
58,-1,1,59,1074099842,Matalimbo,-0.1859722,28.50375,11.24232
59,-1,1,60,1074118223,Itunduliro,-0.0306944,29.38875,2.67179
60,-1,1,61,1074118232,Karuruma,0.02875,29.5229167,2.67179
61,-1,1,62,1074118274,Vulera,-0.1054167,29.3895833,11.24232
62,-1,1,63,1074118280,Kyondo,-0.0798611,29.4529167,2.67179
63,-1,1,64,1074118301,Kyatenga,-0.0323611,29.3773611,2.67179
64,-1,1,65,1074118324,Lukanga,-0.0565278,29.3031944,11.24232
65,-1,1,66,1074118331,Mumole,-0.06875,29.3968056,11.24232
66,-1,1,67,1074118373,Kyondo,0.0048611,29.4020833,2.67179
67,-1,1,68,1074118388,Age,-0.1643056,29.49125,11.24232
68,-1,1,69,1074118414,Musalala,-0.08875,29.54125,2.67179
69,-1,1,70,1074118432,Vulimiro,-0.0323611,29.3859722,2.67179
70,-1,1,71,1074118440,Kyangendi,-0.0009722,29.5176389,2.67179
71,-1,1,72,1074118453,Kibwe,-0.0879167,29.3773611,11.24232
72,-1,1,73,1074118469,Kiwanza,-0.0470833,29.5154167,2.67179
73,-1,1,74,1074118502,Ngangatiro,-0.0431944,29.4551389,2.67179
74,-1,1,75,1074118512,Lunyasenge,-0.2959722,29.2943056,11.24232
75,-1,1,76,1074118544,Mwalika,-0.0840278,29.51625,2.67179
76,-1,1,77,1074118553,Mukoku,-0.0290278,29.3843056,2.67179
77,-1,1,78,1074118586,Vuserio,-0.0981944,29.3843056,11.24232
78,-1,1,79,1074118601,Kamole,-0.09875,29.3831944,11.24232
79,-1,1,80,1074118636,Loutu,-0.11625,29.3176389,11.24232
80,-1,1,81,1074118643,Matenga,-0.03875,29.4609722,2.67179
81,-1,1,82,1074118684,Kivuwe,0.0006944,29.5109722,2.67179
82,-1,1,83,1074118715,Lukanga,-0.1490278,29.3526389,11.24232
83,-1,1,84,1074118724,Bwalyana,-0.1001389,29.3901389,11.24232
84,-1,1,85,1074118741,Bulambo,-0.2076389,29.40375,11.24232
85,-1,1,86,1074118754,Kaseya,-0.0268056,29.3256944,11.24232
86,-1,1,87,1074118765,Ndalihya,-0.08875,29.54125,2.67179
87,-1,1,88,1074118811,Kaliro Mangina,-0.11375,29.39375,11.24232
88,-1,1,89,1074118815,Museya,-0.0768056,29.5251389,2.67179
89,-1,1,90,1074118842,Luhotu,-0.0140278,29.3473611,11.24232
90,-1,1,91,1074118851,Kyasenda,-0.0509722,29.5048611,2.67179
91,-1,1,92,1074118858,Mavono,-0.0701389,29.3968056,11.24232
92,-1,1,93,1074118898,Vurondo,-0.0409722,29.5165278,2.67179
93,-1,1,94,1074125673,Kaseghe,-0.4898611,29.1759722,11.24232
94,-1,1,95,1074174157,Mambia,0.3265278,29.1048611,11.24232
95,-1,1,96,1074174196,Maboya,0.1020833,29.1765278,11.24232
96,-1,1,97,1074174204,Kalengehya,0.1409722,29.6515278,2.67179
97,-1,1,98,1074174240,Butuhe,0.2120833,29.2720833,2.67179
98,-1,1,99,1074174261,Kamusonge,0.18375,29.3318056,6.29194
99,-1,1,100,1074174306,Mabingi Centre,0.3665278,29.2754167,2.67179
100,-1,1,101,1074174350,Karongo,0.1965278,29.18875,2.67179
101,-1,1,102,1074174408,Kanyihunga Mambira,0.2659722,29.4073611,2.67179
102,-1,1,103,1074174447,Lose,0.3831944,29.0476389,11.24232
103,-1,1,104,1074174483,Makusa,0.2826389,29.2304167,2.67179
104,-1,1,105,1074174522,Lughatika,0.2348611,29.2195833,2.67179
105,-1,1,106,1074174554,Kalundu,0.3004167,29.1170833,2.67179
106,-1,1,107,1074174587,Ndalihya,0.0356944,29.4401389,2.67179
107,-1,1,108,1074174633,Katambi,0.14875,29.1984722,11.24232
108,-1,1,109,1074174657,Ngazi,0.4170833,29.1581944,2.67179
109,-1,1,110,1074174685,Makungwe,0.1331944,29.48625,2.67179
110,-1,1,111,1074174694,Ngango,0.1990278,29.1759722,2.67179
111,-1,1,112,1074174725,Kikyo,0.1584722,29.2993056,6.29194
112,-1,1,113,1074174756,Malio,0.2670833,29.3998611,2.67179
113,-1,1,114,1074174789,Musenge,0.2584722,29.1273611,11.24232
114,-1,1,115,1074174851,Makumo,0.2959722,29.1201389,2.67179
115,-1,1,116,1074174868,Lumba,0.3393056,29.0440278,11.24232
116,-1,1,117,1074174932,Visiki,0.3954167,29.2218056,2.67179
117,-1,1,118,1074174962,Kasaka,0.1668056,29.6476389,2.67179
118,-1,1,119,1074174991,Vusamba,0.0240278,29.1654167,11.24232
119,-1,1,120,1074175005,Pombi,0.3384722,29.0918056,11.24232
120,-1,1,121,1074175032,Kinihya,0.0904167,29.4306944,2.67179
121,-1,1,122,1074175095,Misevere Ya Katumba,0.2298611,29.2393056,2.67179
122,-1,1,123,1074175097,Misevere,0.2390278,29.2443056,2.67179
123,-1,1,124,1074175159,Musasa,-0.08125,29.1329167,11.24232
124,-1,1,125,1074175176,Manzeku,0.2334722,29.0598611,11.24232
125,-1,1,126,1074175207,Ngubi,0.29375,29.1304167,2.67179
126,-1,1,127,1074175237,Vwikya,0.1979167,29.5120833,2.67179
127,-1,1,128,1074175273,Malende,0.1231944,29.2395833,6.29194
128,-1,1,129,1074175283,Itendi,0.2545833,29.0329167,11.24232
129,-1,1,130,1074175319,Lubro,0.14625,29.2479167,6.29194
130,-1,1,131,1074175346,Mukondo,0.1501389,29.3090278,6.29194
131,-1,1,132,1074175352,Vusegheseghe,0.16125,29.3065278,6.29194
132,-1,1,133,1074175381,Kivungha,0.0820833,29.1479167,11.24232
133,-1,1,134,1074175397,Mundiba,0.3068056,29.3073611,2.67179
134,-1,1,135,1074175414,Kisitu,0.1595833,29.3184722,6.29194
135,-1,1,136,1074175432,Kisesa,0.1965278,29.2090278,2.67179
136,-1,1,137,1074175472,Kalengere,0.1470833,29.3223611,6.29194
137,-1,1,138,1074175521,Ndiba,0.2995833,29.2195833,2.67179
138,-1,1,139,1074175586,Mashua,0.3573611,29.1840278,2.67179
139,-1,1,140,1074175594,Vunzuli,0.2576389,29.1268056,11.24232
140,-1,1,141,1074175654,Mihanga,0.2679167,29.1006944,11.24232
141,-1,1,142,1074175675,Ngongi,0.0676389,29.1126389,11.24232
142,-1,1,143,1074175708,Bulambo,0.2040278,29.4179167,2.67179
143,-1,1,144,1074175732,Kivombo,0.2045833,29.4729167,2.67179
144,-1,1,145,1074175777,Ngundi,0.3084722,29.2129167,2.67179
145,-1,1,146,1074175818,Leproserie,0.0879167,29.3231944,6.29194
146,-1,1,147,1074175851,Vuvo,0.1976389,29.1201389,11.24232
147,-1,1,148,1074175909,Kamirihi,0.2909722,29.09625,2.67179
148,-1,1,149,1074175954,Vunyondo,0.3168056,29.3054167,2.67179
149,-1,1,150,1074176024,Vukoka,0.2890278,29.2090278,2.67179
150,-1,1,151,1074176064,Mutitiro,0.2431944,29.2481944,2.67179
151,-1,1,152,1074176094,Kitamyaka,0.2006944,29.5093056,2.67179
152,-1,1,153,1074176160,Vuyinga,0.0604167,29.05125,11.24232
153,-1,1,154,1074176191,Kalenguko,0.26125,29.0129167,11.24232
154,-1,1,155,1074176233,Mbungwe,0.0665278,29.4604167,2.67179
155,-1,1,156,1074176240,Vingyo,0.2173611,29.0498611,11.24232
156,-1,1,157,1074176263,Tako,0.0995833,29.4251389,2.67179
157,-1,1,158,1074176291,Kaniyi,0.27375,29.13125,11.24232
158,-1,1,159,1074176320,Migheri,0.2115278,29.1745833,2.67179
159,-1,1,160,1074176381,Bwalengire,-0.0515278,29.1609722,11.24232
160,-1,1,161,1074176389,Tutu,0.3645833,29.2848611,2.67179
161,-1,1,162,1074176418,Luvika,0.2270833,29.08125,11.24232
162,-1,1,163,1074176483,Buma Malepe,0.3059722,29.2198611,2.67179
163,-1,1,164,1074176516,Lukomo,0.0656944,29.4356944,2.67179
164,-1,1,165,1074176520,Lukono,0.30375,29.4659722,2.67179
165,-1,1,166,1074176550,Mabambi,0.0743056,29.1243056,11.24232
166,-1,1,167,1074176558,Kitolu Mbilinga,0.3506944,29.2195833,2.67179
167,-1,1,168,1074176604,Kitongote,0.11625,29.6406944,2.67179
168,-1,1,169,1074176610,Kitowa,0.2029167,29.1884722,2.67179
169,-1,1,170,1074176645,Kitulu,0.2495833,29.0509722,11.24232
170,-1,1,171,1074176664,Maghombi,0.30875,29.2390278,2.67179
171,-1,1,172,1074176731,Mabami,-0.0726389,29.1148611,11.24232
172,-1,1,173,1074176734,Kikyo,-0.0526389,29.1765278,11.24232
173,-1,1,174,1074176751,Manzabya,0.2551389,29.1348611,11.24232
174,-1,1,175,1074176773,Mambombo Masangi,0.3998611,29.20375,2.67179
175,-1,1,176,1074176828,Beme,0.1693056,29.1729167,11.24232
176,-1,1,177,1074176840,Runzai,0.41625,29.1718056,2.67179
177,-1,1,178,1074176859,Kiragho,0.1693056,29.1729167,11.24232
178,-1,1,179,1074176881,Mambango,0.4881944,29.4131944,50.14311
179,-1,1,180,1074176912,Kalundu,0.0729167,29.0809722,11.24232
180,-1,1,181,1074176922,Vulima,0.2654167,29.1145833,11.24232
181,-1,1,182,1074176944,Kivombo,0.0606944,29.4659722,2.67179
182,-1,1,183,1074176951,Kivetia,0.2031944,29.3101389,2.67179
183,-1,1,184,1074176973,Vuhira,0.1631944,29.3273611,6.29194
184,-1,1,185,1074176996,Kasese,0.36625,29.2856944,2.67179
185,-1,1,186,1074177021,Kanyatsi-Irangi,0.2843056,29.2720833,2.67179
186,-1,1,187,1074177071,Vurondo Centre,0.2565278,29.1651389,2.67179
187,-1,1,188,1074177096,Mukohwa,0.2470833,29.1565278,2.67179
188,-1,1,189,1074177135,Bitumbi,0.0654167,29.0940278,11.24232
189,-1,1,190,1074177147,Vupereghe,0.2570833,29.0618056,11.24232
190,-1,1,191,1074177160,Buyiga,0.0415278,29.0645833,11.24232
191,-1,1,192,1074177170,Bulengera,0.1454167,29.3326389,6.29194
192,-1,1,193,1074177180,Magheria,0.0351389,29.4554167,2.67179
193,-1,1,194,1074177200,Vusumba,0.2865278,29.2990278,2.67179
194,-1,1,195,1074177218,Musalala,0.0523611,29.4415278,2.67179
195,-1,1,196,1074177228,Misugho Centre,0.1956944,29.1698611,2.67179
196,-1,1,197,1074177271,Mambena,0.42375,29.21625,2.67179
197,-1,1,198,1074177300,Mambasa,0.2745833,29.0654167,11.24232
198,-1,1,199,1074177347,Kaseghe,0.3268056,29.2823611,2.67179
199,-1,1,200,1074177402,Vukembe,0.2898611,29.2354167,2.67179
200,-1,1,201,1074177443,Mukoku,0.1684722,29.6481944,2.67179
201,-1,1,202,1074177488,Ndavakwa,0.1248611,29.20125,11.24232
202,-1,1,203,1074177509,Vulambayiri,0.37375,29.2615278,2.67179
203,-1,1,204,1074177541,Muhangi,0.0340278,29.0954167,11.24232
204,-1,1,205,1074177580,Mwiri,0.14625,29.32625,6.29194
205,-1,1,206,1074177586,Masiki Kalonge,0.2054167,29.2609722,6.29194
206,-1,1,207,1074177612,Kitongote,0.0540278,29.4606944,2.67179
207,-1,1,208,1074177654,Kanimba,0.2970833,29.2084722,2.67179
208,-1,1,209,1074177691,Karongo,0.1906944,29.1670833,2.67179
209,-1,1,210,1074177756,Maboya,0.2890278,29.3406944,2.67179
210,-1,1,211,1074177781,Mangimu,0.2551389,29.0240278,11.24232
211,-1,1,212,1074177793,Mapata,0.4426389,29.2731944,2.67179
212,-1,1,213,1074177854,Kyavisogho,0.3223611,29.2479167,2.67179
213,-1,1,214,1074177876,Katwikira,0.1523611,29.3134722,6.29194
214,-1,1,215,1074177904,Vuhesi,0.0231944,29.0654167,11.24232
215,-1,1,216,1074177919,Mambengi,0.3245833,29.2981944,2.67179
216,-1,1,217,1074177951,Kivisire,0.1654167,29.3018056,6.29194
217,-1,1,218,1074177957,Nzalihwa,0.2001389,29.0804167,11.24232
218,-1,1,219,1074177994,Kiabisale,0.2318056,29.4351389,2.67179
219,-1,1,220,1074178020,Kivinduliro,0.36125,29.2868056,2.67179
220,-1,1,221,1074178066,Miriki,-0.0784722,29.1340278,11.24232
221,-1,1,222,1074178071,Kyondo,-0.0504167,29.1665278,11.24232
222,-1,1,223,1074178092,Mabuku,0.3215278,29.3001389,2.67179
223,-1,1,224,1074178125,Lubana,0.2276389,29.1023611,11.24232
224,-1,1,225,1074178158,Ngere,0.3326389,29.0926389,11.24232
225,-1,1,226,1074178188,Kivugha,0.0945833,29.16375,11.24232
226,-1,1,227,1074178213,Kivandya,0.0568056,29.4629167,2.67179
227,-1,1,228,1074178220,Kyalamahendi,0.2001389,29.0831944,11.24232
228,-1,1,229,1074178256,Vuhima,0.09625,28.9801389,11.24232
229,-1,1,230,1074178279,Mbata,0.2290278,29.1223611,11.24232
230,-1,1,231,1074178310,Musingiri,0.1226389,29.2243056,6.29194
231,-1,1,232,1074178321,Magherya,0.0429167,29.53125,2.67179
232,-1,1,233,1074178343,Misugho,0.20375,29.1815278,2.67179
233,-1,1,234,1074178385,Bukoka,0.3615278,29.08375,11.24232
234,-1,1,235,1074178417,Kivira,0.2840278,29.2229167,2.67179
235,-1,1,236,1074178488,Katimbya,-0.0993056,29.0943056,11.24232
236,-1,1,237,1074178489,Kipabashi,0.4829167,29.1201389,2.67179
237,-1,1,238,1074178523,Mako,0.2940278,29.0576389,2.67179
238,-1,1,239,1074178558,Wayene,0.1545833,29.3265278,6.29194
239,-1,1,240,1074178591,Mbangi,0.0806944,29.13875,11.24232
240,-1,1,241,1074178626,Kenge Kitara,0.4059722,29.1231944,2.67179
241,-1,1,242,1074178650,Butengwa,0.0618056,29.0554167,11.24232
242,-1,1,243,1074178674,Chavisale,0.2143056,29.4390278,2.67179
243,-1,1,244,1074178701,Mavono,0.1726389,29.3259722,6.29194
244,-1,1,245,1074178734,Baswagha,0.0190278,29.1581944,11.24232
245,-1,1,246,1074178738,Kavali,0.3068056,29.1501389,2.67179
246,-1,1,247,1074178759,Makerere,0.1518056,29.3009722,6.29194
247,-1,1,248,1074178765,Lukono,0.3265278,29.0631944,11.24232
248,-1,1,249,1074178788,Kisunga,0.0829167,29.43625,2.67179
249,-1,1,250,1074178821,Masoya,0.2945833,29.1095833,2.67179
250,-1,1,251,1074178850,Mikama,0.2570833,29.2515278,2.67179
251,-1,1,252,1074178876,Vusinge,0.2881944,29.1123611,2.67179
252,-1,1,253,1074178915,Mandelya,0.3645833,29.2759722,2.67179
253,-1,1,254,1074178926,Kivandya,0.1529167,29.6545833,2.67179
254,-1,1,255,1074303190,Mutwanga,0.34125,29.7473611,2.67179
255,-1,1,256,1074303196,Bulongo,0.3259722,29.6920833,2.67179
256,-1,1,257,1074303200,Vuteke,0.2826389,29.6831944,2.67179
257,-1,1,258,1074303211,Kihondo,0.1920833,29.7295833,2.67179
258,-1,1,259,1074303217,Mwenda,0.4104167,29.7701389,2.67179
259,-1,1,260,1074303230,Bahambu,0.32375,29.7459722,2.67179
260,-1,1,261,1074303234,Kyavitumbi,0.3381944,29.7426389,2.67179
261,-1,1,262,1074303237,Kalivuli,0.2834722,29.6954167,2.67179
262,-1,1,263,1074303246,Malambo,0.3320833,29.6776389,2.67179
263,-1,1,264,1074303250,Kilia,0.3565278,29.6293056,2.67179
264,-1,1,265,1156546114,Shemakongolo,-1.2979167,27.8198611,19.79753
265,-1,1,266,1156546119,Filo,-1.62875,28.2015278,19.79753
266,-1,1,267,1156546121,Makote,-1.0715278,27.33625,19.79753
267,-1,1,268,1156546123,Lisala,-1.23625,28.1040278,19.79753
268,-1,1,269,1156546125,Balambankoko,-1.2795833,27.73375,19.79753
269,-1,1,270,1156546128,Ruvungi,-1.1756944,28.2795833,19.79753
270,-1,1,271,1156546136,Otobora,-1.7429167,28.3804167,19.79753
271,-1,1,272,1156546146,Kasuka,-1.1970833,28.3451389,19.79753
272,-1,1,273,1156546154,Mafombi,-1.2593056,27.6551389,19.79753
273,-1,1,274,1156546159,Molisho,-1.0945833,27.3495833,19.79753
274,-1,1,275,1156546164,Mitusenge,-1.3190278,28.0868056,19.79753
275,-1,1,276,1156546173,Mundindi,-1.1193056,27.3718056,19.79753
276,-1,1,277,1156546179,Lekesa,-1.25375,28.0656944,19.79753
277,-1,1,278,1156546185,Nyamiala,-1.6029167,28.08125,19.79753
278,-1,1,279,1156546193,Utufalu,-1.1901389,27.4984722,19.79753
279,-1,1,280,1156546205,Kibua,-1.2340278,28.41625,19.79753
280,-1,1,281,1156546215,Bucaguzi,-1.5026389,28.10625,19.79753
281,-1,1,282,1156546224,Mutakato I,-1.2679167,28.0709722,19.79753
282,-1,1,283,1156546235,Mutiko,-1.6234722,28.2104167,19.79753
283,-1,1,284,1156546244,Mubi,-1.2951389,27.8568056,19.79753
284,-1,1,285,1156546251,Wenga,-1.3634722,28.0945833,19.79753
285,-1,1,286,1156546257,Makaki,-1.5940278,28.0770833,19.79753
286,-1,1,287,1156546269,Shabunda,-1.2334722,28.0793056,19.79753
287,-1,1,288,1156546270,Tusoki,-1.6795833,28.1593056,19.79753
288,-1,1,289,1156546289,Karumya,-1.5248611,28.1390278,19.79753
289,-1,1,290,1156546295,Tutero,-1.2306944,28.0651389,19.79753
290,-1,1,291,1156546296,Musenge,-1.6151389,28.2648611,19.79753
291,-1,1,292,1156546307,Olema,-1.2779167,27.7023611,19.79753
292,-1,1,293,1156546324,Muteke,-1.66625,28.1226389,19.79753
293,-1,1,294,1156546333,Mutongo,-1.3484722,28.0923611,19.79753
294,-1,1,295,1156546338,Rekesha,-1.32875,27.9543056,19.79753
295,-1,1,296,1156546343,Majaliwa,-1.3823611,28.04375,19.79753
296,-1,1,297,1156546356,Nyamukaka,-1.39375,28.0565278,19.79753
297,-1,1,298,1156546370,Mutoyo,-1.3301389,27.96625,19.79753
298,-1,1,299,1156546381,Kampala,-1.4756944,28.0990278,19.79753
299,-1,1,300,1156546383,Mutakato II,-1.2881944,28.0698611,19.79753
300,-1,1,301,1156546386,Ndjingala,-1.2781944,27.7723611,19.79753
301,-1,1,302,1156546390,Tendelukala,-1.28875,28.0701389,19.79753
302,-1,1,303,1156546391,Kanyama,-1.27875,27.7273611,19.79753
303,-1,1,304,1156546397,Mufuti,-1.6809722,28.3523611,19.79753
304,-1,1,305,1156546403,Kembe,-1.1729167,28.2684722,19.79753
305,-1,1,306,1156546413,Mayuwano,-1.2776389,27.7915278,19.79753
306,-1,1,307,1156546420,Nkumbwa,-1.2473611,28.1365278,19.79753
307,-1,1,308,1156546432,Nyandakala,-1.29625,27.8490278,19.79753
308,-1,1,309,1156546454,Likoka,-1.5795833,28.08375,19.79753
309,-1,1,310,1156546466,Eliba I & II,-1.29875,27.8273611,19.79753
310,-1,1,311,1156546486,Burumu,-1.2048611,28.3595833,19.79753
311,-1,1,312,1156546505,Bunyampuli,-1.1776389,28.3034722,19.79753
312,-1,1,313,1156546522,Katanga,-1.2345833,28.0926389,19.79753
313,-1,1,314,1156546547,Logu,-1.2676389,27.6870833,19.79753
314,-1,1,315,1156546643,Tenderukara,-1.2834722,28.0679167,19.79753
315,-1,1,316,1156546649,Itebero,-1.6768056,28.1318056,19.79753
316,-1,1,317,1156546678,Nyasi,-1.5184722,28.1126389,19.79753
317,-1,1,318,1156546689,Botokolo,-1.0340278,27.3081944,19.79753
318,-1,1,319,1156546715,Kasindi,-1.6373611,28.1070833,19.79753
319,-1,1,320,1156546718,Boboro,-1.32625,27.9395833,19.79753
320,-1,1,321,1156546737,Katindo,-1.3968056,28.0598611,19.79753
321,-1,1,322,1156546758,Bulambo,-1.4940278,28.1034722,19.79753
322,-1,1,323,1156546764,Mubanda,-1.4009722,28.0918056,19.79753
323,-1,1,324,1156546767,Savieme,-1.6781944,28.1676389,19.79753
324,-1,1,325,1156546776,Densite,-1.2809722,27.76375,19.79753
325,-1,1,326,1156546790,Lukumbi,-1.08625,27.3443056,19.79753
326,-1,1,327,1156546802,Lukonda,-1.6393056,28.1929167,19.79753
327,-1,1,328,1156546813,Birengeti,-1.3843056,28.0934722,19.79753
328,-1,1,329,1156546819,Nyamitaba 1,-1.3831944,28.04375,19.79753
329,-1,1,330,1156546836,Kakuku,-1.3918056,28.0509722,19.79753
330,-1,1,331,1156546851,Osokari,-1.2923611,27.81125,19.79753
331,-1,1,332,1156546857,Busisi,-1.5406944,28.0948611,19.79753
332,-1,1,333,1156546862,Busao,-1.2448611,28.1334722,19.79753
333,-1,1,334,1156546876,Obianda,-1.2518056,27.6454167,19.79753
334,-1,1,335,1156546889,Kigoma,-1.2001389,28.2004167,19.79753
335,-1,1,336,1156546892,Isanga,-1.2759722,27.78625,19.79753
336,-1,1,337,1156546906,Munangili,-1.1726389,28.2231944,19.79753
337,-1,1,338,1156546914,Mabenga,-1.1790278,27.4809722,19.79753
338,-1,1,339,1156546918,BanaKabutwa,-1.2415278,28.1226389,19.79753
339,-1,1,340,1156546922,Matenda,-1.2793056,27.7406944,19.79753
340,-1,1,341,1156546931,Kabamba,-1.6195833,28.2281944,19.79753
341,-1,1,342,1156546934,Tengeza,-1.2198611,27.62375,19.79753
342,-1,1,343,1156546944,Mera,-1.2359722,28.4026389,19.79753
343,-1,1,344,1156546960,Kirundu,-1.3626389,28.0131944,19.79753
344,-1,1,345,1156546964,Kibati Utfalo,-1.1409722,27.4209722,19.79753
345,-1,1,346,1156546968,Ngora,-1.3379167,28.0931944,19.79753
346,-1,1,347,1156546973,Katete,-1.5498611,28.0793056,19.79753
347,-1,1,348,1156546981,Busayu,-1.24375,28.1306944,19.79753
348,-1,1,349,1156546993,Nyamakombola,-1.6481944,28.1156944,19.79753
349,-1,1,350,1156547010,Lowa,-1.5554167,28.0781944,19.79753
350,-1,1,351,1156547013,Bunesa,-1.2390278,28.1123611,19.79753
351,-1,1,352,1156547020,Boboro,-1.25875,27.6476389,19.79753
352,-1,1,353,1156547022,Butua,-1.5204167,28.1245833,19.79753
353,-1,1,354,1156547037,Munyanya,-1.1231944,27.3851389,19.79753
354,-1,1,355,1156547039,Nyamianda,-1.3884722,28.0929167,19.79753
355,-1,1,356,1156547040,Mika,-1.5668056,28.08125,19.79753
356,-1,1,357,1156547057,Kabunga,-1.6781944,28.1676389,19.79753
357,-1,1,358,1156547064,Kinkambe,-1.4206944,28.0681944,19.79753
358,-1,1,359,1156547078,Kabangwa,-1.5220833,28.1134722,19.79753
359,-1,1,360,1156547083,Kayilenge,-1.2398611,28.1756944,19.79753
360,-1,1,361,1156547095,Nyamitaba II,-1.3748611,28.0348611,19.79753
361,-1,1,362,1156547105,Nyakatanda,-1.6229167,28.2204167,19.79753
362,-1,1,363,1156547108,Mutakato III,-1.2684722,28.0701389,19.79753
363,-1,1,364,1156547116,Kabusa,-1.2970833,27.8440278,19.79753
364,-1,1,365,1156547123,Kakumbi,-1.3898611,28.0479167,19.79753
365,-1,1,366,1156547124,Irangi,-1.83375,28.4348611,19.79753
366,-1,1,367,1156547127,Mpofi,-1.1743056,28.2031944,19.79753
367,-1,1,368,1156547133,Katoto,-1.3215278,27.9248611,19.79753
368,-1,1,369,1156547134,Kakundu,-1.5395833,28.0984722,19.79753
369,-1,1,370,1156547135,Musimya,-1.2409722,28.1206944,19.79753
370,-1,1,371,1157866503,Kipanya,0.6073611,29.9148611,2.67179
371,-1,1,372,1157866504,Bwisegha IV,0.6479167,29.9015278,2.67179
372,-1,1,373,1157866521,Musu,0.6134722,29.8681944,2.67179
373,-1,1,374,1157866523,Lughali,0.6681944,29.9279167,2.67179
374,-1,1,375,1157866533,Matolu,0.6126389,29.8695833,2.67179
375,-1,1,376,1157866545,Butuba,0.6379167,29.8834722,2.67179
376,-1,1,377,1157866551,Nsungu III,0.6195833,29.9531944,2.67179
377,-1,1,378,1157866562,Matolu III,0.6229167,29.8809722,2.67179
378,-1,1,379,1157866568,Mulembo,0.6218056,29.8726389,2.67179
379,-1,1,380,1157866576,Lutalika,0.6298611,29.9179167,2.67179
380,-1,1,381,1157866591,Bwisegha,0.63375,29.9006944,2.67179
381,-1,1,382,1157866592,Kombo I,0.5998611,29.8704167,2.67179
382,-1,1,383,1157866605,Katumiko,0.6204167,29.9193056,2.67179
383,-1,1,384,1157866610,Matolu I,0.6168056,29.8809722,2.67179
384,-1,1,385,1157866621,Sangyo,0.61125,29.8709722,2.67179
385,-1,1,386,1157866624,Busingya,0.6343056,29.9251389,2.67179
386,-1,1,387,1157866638,Kayenze,0.6465278,29.9084722,2.67179
387,-1,1,388,1157866642,Maale,0.6429167,29.8740278,2.67179
388,-1,1,389,1157866652,Kisegeta,0.6251389,29.9181944,2.67179
389,-1,1,390,1157866663,Musololo,0.6048611,29.9284722,2.67179
390,-1,1,391,1157866664,Ngumwa,0.5709722,29.8509722,2.67179
391,-1,1,392,1157866682,Kamango,0.6659722,29.8801389,2.67179
392,-1,1,393,1157866684,Kalonge,0.58625,29.8579167,2.67179
393,-1,1,394,1157866690,Bambausu,0.6056944,29.8845833,2.67179
394,-1,1,395,1157866701,Kasangali,0.57125,29.9581944,2.67179
395,-1,1,396,1157866705,Solia,0.5681944,29.8451389,2.67179
396,-1,1,397,1157866715,Mumio,0.6359722,29.8604167,2.67179
397,-1,1,398,1157866720,Nsungu II,0.6198611,29.9418056,2.67179
398,-1,1,399,1157866732,Vutwandara,0.5856944,29.94875,2.67179
399,-1,1,400,1157866736,Kalegha,0.6020833,29.9401389,2.67179
400,-1,1,401,1157866749,Kisuba,0.6093056,29.8673611,2.67179
401,-1,1,402,1157866755,Bwisegha I,0.64625,29.9045833,2.67179
402,-1,1,403,1157866762,Mwaka,0.6026389,29.8715278,2.67179
403,-1,1,404,1157866774,Njiangbada,0.62625,29.8715278,2.67179
404,-1,1,405,1157866775,Kikura II,0.60375,29.9601389,2.67179
405,-1,1,406,1157866792,Kisuba,0.6401389,29.9165278,2.67179
406,-1,1,407,1157866806,Nsungu IV,0.6118056,29.9356944,2.67179
407,-1,1,408,1157866813,Ngasa,0.5740278,29.8529167,2.67179
408,-1,1,409,1157866822,Mbimba,0.6170833,29.9095833,2.67179
409,-1,1,410,1157866829,Mabhale,0.6206944,29.9015278,2.67179
410,-1,1,411,1157866848,Kakindo,0.6104167,29.8956944,2.67179
411,-1,1,412,1157866852,Katswamba,0.5809722,29.9456944,2.67179
412,-1,1,413,1157866859,Kaghema I,0.6334722,29.8784722,2.67179
413,-1,1,414,1157866875,Mbimba II,0.6251389,29.9118056,2.67179
414,-1,1,415,1157866881,Kalyavakwenda,0.5929167,29.9473611,2.67179
415,-1,1,416,1157866894,Kitindula II,0.6373611,29.8904167,2.67179
416,-1,1,417,1157866895,Lughali,0.6351389,29.86875,2.67179
417,-1,1,418,1157866911,Ndama II,0.5909722,29.8729167,2.67179
418,-1,1,419,1157866923,Luanoli,0.5815278,29.8873611,2.67179
419,-1,1,420,1157866928,Kiule,0.6115278,29.8765278,2.67179
420,-1,1,421,1157866955,Bwisegha II,0.6490278,29.9001389,2.67179
421,-1,1,422,1157866960,Bunditombi,0.5793056,29.8576389,2.67179
422,-1,1,423,1157866977,Ndegya,0.6034722,29.8779167,2.67179
423,-1,1,424,1157866989,Kaghema II,0.6384722,29.8606944,2.67179
424,-1,1,425,1157866993,Nsungu,0.6120833,29.9465278,2.67179
425,-1,1,426,1157867009,Kitindula I,0.6395833,29.8943056,2.67179
426,-1,1,427,1157867043,Musuku,0.58375,29.9318056,2.67179
427,-1,1,428,1157867047,Matunduluko,0.6559722,29.9345833,2.67179
428,-1,1,429,1157931432,Atokaka,0.8193056,29.6065278,2.67179
429,-1,1,430,1157931436,Kyasenda 3,0.04625,29.7098611,2.67179
430,-1,1,431,1157931475,Malehe,0.62625,29.5204167,2.67179
431,-1,1,432,1157931508,Kisiki,0.7590278,29.5656944,2.67179
432,-1,1,433,1157931569,Opira I,0.7929167,29.6001389,2.67179
433,-1,1,434,1157931741,Opira III,0.8020833,29.6004167,2.67179
434,-1,1,435,1157931779,Linzo sisene IV,0.8056944,29.6029167,2.67179
435,-1,1,436,1157931828,Maleki,0.7570833,29.4676389,2.67179
436,-1,1,437,1157932360,Kakuka III,0.9043056,29.79125,2.67179
437,-1,1,438,1157932433,Ngite-Kubechi,0.6009722,29.5204167,2.67179
438,-1,1,439,1157932622,Kakuka II,0.9068056,29.7845833,2.67179
439,-1,1,440,1157932731,Rugetsi 2,0.2045833,29.6754167,2.67179
440,-1,1,441,1157932779,Ngite,0.5968056,29.4923611,2.67179
441,-1,1,442,1157932800,Mutido,0.9029167,29.8140278,2.67179
442,-1,1,443,1157932873,Bulemba,0.9018056,29.7743056,2.67179
443,-1,1,444,1157932918,Kainama II & III,0.8995833,29.7998611,2.67179
444,-1,1,445,1157933197,Kakuka I,0.90625,29.7884722,2.67179
445,-1,1,446,1157933259,Mamove,0.8240278,29.44125,2.67179
446,-1,1,447,1157934032,Bango,0.9026389,29.7654167,2.67179
447,-1,1,448,1157934065,Mangimo,0.8526389,29.5295833,2.67179
448,-1,1,449,1157934160,Vulengi,0.5023611,29.5454167,2.67179
449,-1,1,450,1157934341,Mulobya,0.8220833,29.5309722,2.67179
450,-1,1,451,1157934375,Kyasenda 4,0.0468056,29.7109722,2.67179
451,-1,1,452,1157934437,Anzuma,0.6906944,29.6743056,2.67179
452,-1,1,453,1157934505,Nzanganana,0.8043056,29.5501389,2.67179
453,-1,1,454,1157934578,Mangango,0.5254167,29.3520833,2.67179
454,-1,1,455,1157934701,Masambo 2,0.1618056,29.6959722,2.67179
455,-1,1,456,1157935244,Kokola I,0.7845833,29.6020833,2.67179
456,-1,1,457,1157935297,Opira II,0.7401389,29.7918056,2.67179
457,-1,1,458,1157935323,Sesele,0.7123611,29.6181944,2.67179
458,-1,1,459,1157935327,Masambo 1,0.16875,29.6868056,2.67179
459,-1,1,460,1157935357,Mambabio,0.8290278,29.5418056,2.67179
460,-1,1,461,1157935398,Mavivi-Matembo,0.5690278,29.4773611,2.67179
461,-1,1,462,1157935575,Ibanda,0.9270833,29.8559722,2.67179
462,-1,1,463,1157935631,Kokola III,0.7868056,29.5959722,2.67179
463,-1,1,464,1157935646,Linzo sisene III,0.8118056,29.60375,2.67179
464,-1,1,465,1157935660,Mapobu,0.7123611,29.6181944,2.67179
465,-1,1,466,1157936479,Mayimoya,0.7701389,29.5698611,2.67179
466,-1,1,467,1157936507,Maleki-Mamove,0.7181944,29.5023611,2.67179
467,-1,1,468,1157936536,Abialose,0.7504167,29.6234722,2.67179
468,-1,1,469,1157936546,Rugetsi 1,0.2220833,29.7148611,2.67179
469,-1,1,470,1157936588,Kisui,0.9368056,29.8609722,2.67179
470,-1,1,471,1157936631,Makoyoba,0.8454167,29.6156944,2.67179
471,-1,1,472,1157936662,Kokola II,0.7804167,29.5865278,2.67179
472,-1,1,473,1157936794,Kolikoko,0.7348611,29.4793056,2.67179
473,-1,1,474,1157936851,Tsutsubo,0.8454167,29.6156944,2.67179
474,-1,1,475,1157937201,Bunake,0.8643056,29.6584722,2.67179
475,-1,1,476,1157937387,Bilimani,0.8229167,29.6043056,2.67179
476,-1,1,477,1157937417,Manzati,0.9023611,29.7723611,2.67179
477,-1,1,478,1157937444,Kyasenda 1,0.0490278,29.7001389,2.67179
478,-1,1,479,1157937457,Kyavisimi,0.5179167,29.25375,2.67179
479,-1,1,480,1157937494,Muzirandulu,0.90875,29.8384722,2.67179
480,-1,1,481,1157937594,Kitsimba,0.9115278,29.83875,2.67179
481,-1,1,482,1157937626,Kazaroho,0.6831944,29.6531944,2.67179
482,-1,1,483,1157938427,Kamungu,0.8784722,29.6759722,2.67179
483,-1,1,484,1157938435,Chuchubo,0.8193056,29.6065278,2.67179
484,-1,1,485,1157938631,Maibo,0.7418056,29.56125,2.67179
485,-1,1,486,1157938668,Kyasenda 2,0.0481944,29.7070833,2.67179
486,-1,1,487,1157938719,Linzo sisene III,0.8179167,29.6051389,2.67179
487,-1,1,488,1157938746,Mamunjoma,0.6829167,29.67125,2.67179
488,-1,1,489,1157938789,Mavivi,0.5859722,29.4856944,2.67179
489,-1,1,490,1157938981,Bambuba Kisiki,0.7759722,29.5695833,2.67179
490,-1,1,491,1157939311,Atokaka,0.7976389,29.6023611,2.67179
491,-1,1,492,1157939361,Linzo sisene I,0.8301389,29.6048611,2.67179
492,-1,1,493,1157939400,Kambi Ya Yua,0.7401389,29.7918056,2.67179
493,-1,1,494,1158947794,Kigwene,-1.10375,29.2315278,15.94287
494,-1,1,495,1158947806,Kasesero,-0.9840278,29.1754167,15.94287
495,-1,1,496,1158947817,Murangara,-1.4198611,28.9559722,14.49495
496,-1,1,497,1158947840,Kinyeere,-1.3651389,28.7476389,14.49495
497,-1,1,498,1158947851,Kabati,-1.1893056,28.9515278,14.49495
498,-1,1,499,1158947876,Kagando,-1.1009722,29.28375,15.94287
499,-1,1,500,1158947912,Mushaki,-1.5318056,28.9823611,14.49495
500,-1,1,501,1158947918,Bwalanda,-0.9820833,29.1218056,15.94287
501,-1,1,502,1158947949,Loashi,-1.3601389,28.7915278,14.49495
502,-1,1,503,1158947955,Kivuye,-1.1198611,28.9079167,14.49495
503,-1,1,504,1158947982,Nyabirehe,-0.8093056,29.6198611,15.94287
504,-1,1,505,1158947990,Bishusha,-1.26375,29.1254167,15.94287
505,-1,1,506,1158948006,Bulengo-Mugunga,-1.6076389,29.13625,14.49495
506,-1,1,507,1158948010,Butare,-1.1526389,29.2498611,15.94287
507,-1,1,508,1158948027,Lwibo,-1.2570833,28.7490278,14.49495
508,-1,1,509,1158948032,Missoke,-1.0945833,28.6631944,19.79753
509,-1,1,510,1158948042,Katoro,-0.9956944,29.1534722,15.94287
510,-1,1,511,1158948049,Kanzenze,-1.35375,28.9620833,14.49495
511,-1,1,512,1158948059,Ngwenda,-1.0454167,29.4273611,15.94287
512,-1,1,513,1158948064,Lushebere,-1.4068056,28.8626389,14.49495
513,-1,1,514,1158948073,Minjenji,-0.9656944,28.8504167,19.79753
514,-1,1,515,1158948074,Musingi,-1.1940278,28.93125,14.49495
515,-1,1,516,1158948077,Burindi,-1.2756944,29.1415278,15.94287
516,-1,1,517,1158948081,Kitsule,-1.4148611,28.8620833,14.49495
517,-1,1,518,1158948086,Kaninda,-1.1909722,28.8956944,14.49495
518,-1,1,519,1158948094,Kaandja,-1.3404167,28.7115278,14.49495
519,-1,1,520,1158948100,Bweru,-1.1065278,28.9395833,14.49495
520,-1,1,521,1158948112,Nyakakoma,-0.56875,29.60375,15.94287
521,-1,1,522,1158948115,Luve,-1.0956944,29.1106944,15.94287
522,-1,1,523,1158948130,Kasenga,-0.9765278,29.46125,15.94287
523,-1,1,524,1158948142,Kisuma,-1.4726389,28.87375,14.49495
524,-1,1,525,1158948146,Muhongozi,-1.1615278,29.0356944,14.49495
525,-1,1,526,1158948161,Kibingu,-0.94875,29.1943056,15.94287
526,-1,1,527,1158948162,Kirolirwe,-1.4004167,29.0193056,14.49495
527,-1,1,528,1158948175,Buramba,-0.9293056,29.5581944,15.94287
528,-1,1,529,1158948177,Osso,-1.5279167,28.9215278,14.49495
529,-1,1,530,1158948186,Kabare,-1.1590278,29.0006944,14.49495
530,-1,1,531,1158948189,Birega,-1.24625,29.20875,15.94287
531,-1,1,532,1158948193,Busenene,-1.1898611,29.2451389,15.94287
532,-1,1,533,1158948197,Mulimbi,-1.2390278,29.2040278,15.94287
533,-1,1,534,1158948198,Busoro,-1.3701389,28.7634722,14.49495
534,-1,1,535,1158948199,Butumbalonge,-1.2206944,28.9104167,14.49495
535,-1,1,536,1158948200,Gigoro,-1.3173611,29.5495833,15.94287
536,-1,1,537,1158948202,Nyahurengi,-0.8059722,29.5984722,15.94287
537,-1,1,538,1158948206,Mbuhi-Pilote,-1.0801389,29.0065278,14.49495
538,-1,1,539,1158948211,Ngesha,-1.36375,28.7765278,14.49495
539,-1,1,540,1158948228,Rwindi,-0.78875,29.2926389,15.94287
540,-1,1,541,1158948229,Karambi,-1.1693056,29.5523611,15.94287
541,-1,1,542,1158948240,Katsiru,-1.12125,29.1079167,15.94287
542,-1,1,543,1158948245,Lwibo,-1.2626389,28.7445833,14.49495
543,-1,1,544,1158948251,Mihara,-1.0873611,28.9693056,14.49495
544,-1,1,545,1158948255,Kizimba,-1.2479167,29.0923611,15.94287
545,-1,1,546,1158948256,Busihe,-1.3390278,28.9248611,14.49495
546,-1,1,547,1158948262,Bukama,-1.1129167,29.0356944,15.94287
547,-1,1,548,1158948272,Kisharu,-0.9568056,29.5295833,15.94287
548,-1,1,549,1158948274,Rushinga,-1.4156944,29.0018056,14.49495
549,-1,1,550,1158948277,Kiwanja,-1.1576389,29.43125,15.94287
550,-1,1,551,1158948284,Kinyumba,-1.28125,28.7348611,14.49495
551,-1,1,552,1158948285,Kubudanda,-1.1423611,29.0415278,15.94287
552,-1,1,553,1158948291,Kirima,-0.9823611,29.1926389,15.94287
553,-1,1,554,1158948294,Lusogha,-0.8059722,29.1120833,15.94287
554,-1,1,555,1158948298,Nyakariba,-1.3754167,28.9890278,14.49495
555,-1,1,556,1158948302,Rwarema,-1.2790278,29.5118056,15.94287
556,-1,1,557,1158948305,Rubaya,-1.5473611,28.8743056,14.49495
557,-1,1,558,1158948306,Maliba,-1.22625,28.9248611,14.49495
558,-1,1,559,1158948312,Mihanga,-1.3820833,29.0145833,14.49495
559,-1,1,560,1158948314,Nyamirama,-0.82625,29.6145833,15.94287
560,-1,1,561,1158948319,Katwiguru II,-0.9556944,29.4926389,15.94287
561,-1,1,562,1158948320,Mitumbala Centre,-1.5590278,29.0115278,14.49495
562,-1,1,563,1158948323,Kashalira,-0.9859722,29.16625,15.94287
563,-1,1,564,1158948325,Burora,-1.3584722,28.7334722,14.49495
564,-1,1,565,1158948327,Malemo,-0.9859722,28.88125,19.79753
565,-1,1,566,1158948332,Bukonya,-1.12875,29.24125,15.94287
566,-1,1,567,1158948333,Burungu,-1.3298611,29.0254167,14.49495
567,-1,1,568,1158948336,Nyakahanga,-0.9959722,29.5440278,15.94287
568,-1,1,569,1158948338,Bihambwe,-1.51625,28.8893056,14.49495
569,-1,1,570,1158948340,Lungu,-1.1943056,28.9081944,14.49495
570,-1,1,571,1158948342,Kiseguru,-1.0148611,29.4368056,15.94287
571,-1,1,572,1158948349,Lushoa,-1.3665278,28.7548611,14.49495
572,-1,1,573,1158948351,Rujagati-Misinga,-1.0651389,28.9943056,14.49495
573,-1,1,574,1158948362,Kalunda,-1.2095833,28.9240278,14.49495
574,-1,1,575,1158948364,Lulimbi,-0.5101389,29.67125,15.94287
575,-1,1,576,1158948365,Bambu,-1.0829167,29.2270833,15.94287
576,-1,1,577,1158948366,Rushoga,-1.5781944,28.9598611,14.49495
577,-1,1,578,1158948376,Kinyandoni,-1.0795833,29.4340278,15.94287
578,-1,1,579,1158948387,Rugogwe,-1.1834722,28.9690278,14.49495
579,-1,1,580,1158948393,Kanyanza,-1.5904167,29.2631944,49.46577
580,-1,1,581,1158948395,Bwera,-0.6870833,29.3870833,15.94287
581,-1,1,582,1158948398,Binja,-0.9715278,29.46625,15.94287
582,-1,1,583,1158948399,Kausa,-1.4379167,28.9809722,14.49495
583,-1,1,584,1158948401,Ruza,-1.12875,29.24125,15.94287
584,-1,1,585,1158948403,Katale,-1.4376389,28.8476389,14.49495
585,-1,1,586,1158948406,Chogero,-1.1929167,28.9056944,14.49495
586,-1,1,587,1158948407,Nyanzale,-1.0218056,29.1129167,15.94287
587,-1,1,588,1158948410,Kibumba,-1.4773611,29.34875,49.46577
588,-1,1,589,1158948420,Rwanguba,-1.2431944,29.51125,15.94287
589,-1,1,590,1158948421,Niacajanga,-1.5273611,28.9223611,14.49495
590,-1,1,591,1158948424,Kaseke,-1.1181944,28.6540278,19.79753
591,-1,1,592,1158948428,Bushenge,-1.0748611,29.0026389,14.49495
592,-1,1,593,1158948431,Rugebere,-0.9834722,29.2070833,15.94287
593,-1,1,594,1158948437,Kahira,-1.25875,28.9234722,14.49495
594,-1,1,595,1158948447,Burumbi,-1.0768056,28.6748611,19.79753
595,-1,1,596,1158948451,Kirumba,-1.0806944,29.2865278,15.94287
596,-1,1,597,1158948461,Muheto,-1.3393056,28.9481944,14.49495
597,-1,1,598,1158948468,Rusave,-1.0976389,28.9573611,14.49495
598,-1,1,599,1158948471,Maymoya,-0.7704167,29.5484722,15.94287
599,-1,1,600,1158948474,Singa,-1.0418056,29.1226389,15.94287
600,-1,1,601,1158948478,Katembe,-1.5001389,29.0293056,14.49495
601,-1,1,602,1158948483,Matebe,-1.2454167,29.4848611,15.94287
602,-1,1,603,1158948489,Mukohwa,-1.3731944,28.79375,14.49495
603,-1,1,604,1158948493,Gahinga,-1.1881944,28.88625,14.49495
604,-1,1,605,1158948498,Tongo,-1.2084722,29.2784722,15.94287
605,-1,1,606,1158948504,Murambi,-1.5829167,28.9918056,14.49495
606,-1,1,607,1158948511,Kabasanza,-1.2954167,29.5198611,15.94287
607,-1,1,608,1158948515,Luke,-1.5048611,28.7318056,14.49495
608,-1,1,609,1158948525,Lukweti,-1.2106944,28.7498611,14.49495
609,-1,1,610,1158948526,Burai,-1.2015278,29.43125,15.94287
610,-1,1,611,1158948527,Kibutu,-1.0981944,29.4370833,15.94287
611,-1,1,612,1158948534,Loashi,-1.3968056,29.0270833,14.49495
612,-1,1,613,1158948535,Rubare,-1.2293056,29.4065278,15.94287
613,-1,1,614,1158948536,Nyabiondo,-1.3123611,28.7309722,14.49495
614,-1,1,615,1158948537,Busumba,-1.17625,28.9781944,14.49495
615,-1,1,616,1158948538,Mukumba,-0.9576389,29.5006944,15.94287
616,-1,1,617,1158948539,Katobi,-0.9634722,28.8004167,19.79753
617,-1,1,618,1158948540,Buma,-0.9776389,29.5665278,15.94287
618,-1,1,619,1158948541,Mutero,-1.2629167,28.5398611,19.79753
619,-1,1,620,1158948542,Rugoma,-1.04875,28.6751389,19.79753
620,-1,1,621,1158948543,Kabalekasha,-1.3184722,29.0370833,14.49495
621,-1,1,622,1158948544,Nyamilima,-0.8829167,29.5665278,15.94287
622,-1,1,623,1158948545,Kitembe,-1.2759722,29.1606944,15.94287
623,-1,1,624,1158948546,Kisigari,-1.38125,29.36375,15.94287
624,-1,1,625,1158948547,Budey,-1.2590278,29.1026389,15.94287
625,-1,1,626,1158948548,Kazinga,-1.6098611,28.9326389,14.49495
626,-1,1,627,1158948549,Kalembe,-1.0251389,28.9381944,19.79753
627,-1,1,628,1158948550,Rugebeshe,-1.1443056,29.1165278,15.94287
628,-1,1,629,1158948551,Murambi,-1.53625,29.02375,14.49495
629,-1,1,630,1158948552,Mabenga,-1.0118056,29.3493056,15.94287
630,-1,1,631,1158948553,Kishee,-1.28125,28.7348611,14.49495
631,-1,1,632,1158948554,Misinga,-1.0551389,28.9701389,14.49495
632,-1,1,633,1158948555,Munguli,-1.0554167,29.1456944,15.94287
633,-1,1,634,1159316927,Katahandwa,-1.6765278,28.8565278,14.49495
634,-1,1,635,1159316954,Bitonga,-1.7081944,28.9648611,14.49495
635,-1,1,636,1159316997,Mitoyo,-1.66125,28.8354167,14.49495
636,-1,1,637,1159317037,Ngungu Centre,-1.6573611,28.8768056,14.49495
637,-1,1,638,1159317043,Shasha,-1.6223611,29.0159722,14.49495
638,-1,1,639,1159317066,Buzove,-1.6479167,29.2443056,49.46577
639,-1,1,640,1159317078,Bishasha,-1.6409722,28.8701389,14.49495
640,-1,1,641,1159317082,Nzulo,-1.6206944,29.1556944,6.88166
641,-1,1,642,1159317102,Kihindo,-1.6301389,29.0298611,14.49495
642,-1,1,643,1159317120,Kiluku,-1.64125,29.0081944,14.49495
643,-1,1,644,1159317129,Lushebere,-1.6795833,28.9979167,14.49495
644,-1,1,645,1159317151,Nyamubingwa,-1.6384722,29.0284722,14.49495
645,-1,1,646,1159317162,Buhanga-Bukobati,-1.6493056,29.0281944,14.49495
646,-1,1,647,1687631066,Cellule Abedi Ojenga,-1.4223611,28.0754167,19.79753
647,-1,1,648,1687631067,Cellule Baroba,-1.4265278,28.0820833,19.79753
648,-1,1,649,1687631068,Cellule Capsa/Cacao,-1.4279167,28.0765278,19.79753
649,-1,1,650,1688759385,Mubalaka,-1.4179167,28.08875,19.79753
650,-1,1,651,1689563066,Cellule Shekalese,-1.4420833,28.0770833,19.79753
651,-1,1,652,1689570869,Cellule Fonds Indigène,-1.4401389,28.0779167,19.79753
652,-1,1,653,1689580872,Cellule Cité 1,-1.44125,28.0795833,19.79753
653,-1,1,654,1689580873,Cellule Nsuru,-1.4415278,28.07875,19.79753
654,-1,1,655,1689593631,Cellule Kamina,-1.4404167,28.08125,19.79753
655,-1,1,656,1689594968,Cellule Cité 2,-1.4426389,28.08125,19.79753
656,-1,1,657,1689598671,Cellule Henri Primo,-1.4448611,28.0823611,19.79753
657,-1,1,658,1690190924,Cellule Kamisuku,-1.4143056,28.0726389,19.79753
658,-1,1,659,1690190925,Cellule Katimbatimba,-1.4093056,28.0690278,19.79753
659,-1,1,660,1690190926,Cellule Kilongalonga,-1.4120833,28.07125,19.79753
660,-1,1,661,1690190927,Cellule Kinbanguiste,-1.4131944,28.0698611,19.79753
661,-1,1,662,1690334607,Cellule Mombo,-1.4329167,28.0718056,19.79753
662,-1,1,663,1692428968,Cellule Camp Mpemba,-1.4343056,28.0823611,19.79753
663,-1,1,664,1692428969,Cellule Kibangala,-1.4293056,28.0815278,19.79753
664,-1,1,665,1695018134,Cellule Butakuya,-1.4223611,28.0654167,19.79753
665,-1,1,666,1695018135,Cellule Kinkambe,-1.4251389,28.0626389,19.79753
666,-1,1,667,1695018136,Cellule Nsele,-1.4198611,28.06625,19.79753
667,-1,1,668,1695091340,Cellule Kailenge,-1.4240278,28.0840278,19.79753
668,-1,1,669,1695108929,Quartier Majengo,-1.4301389,28.0676389,19.79753
669,-1,1,670,1696582586,Cellule Kabasenge,-1.4218056,28.07375,19.79753
670,-1,1,671,1696582588,Cellule Mubi,-1.4204167,28.07375,19.79753
671,-1,1,672,1696621128,Nyalimbala,-1.4201389,28.0720833,19.79753
672,-1,1,673,1930827481,Rumangabo,-1.3498611,29.3679167,15.94287
673,-1,1,674,1984068127,Kanyabusoro,-1.2706944,29.4404167,15.94287
674,-1,1,675,1984068128,Kalengera,-1.2568056,29.3979167,15.94287
676,-1,1,677,1984068130,Kabaya,-1.3404167,29.4001389,15.94287
682,-1,1,683,2065998984,Bogabo,-1.4904167,28.7968056,14.49495
683,-1,1,684,2065998985,Bulwa,-1.45875,28.7595833,14.49495
684,-1,1,685,2065998986,Buniole,-1.5018056,28.9595833,14.49495
685,-1,1,686,2065998987,Gitovu,-1.4723611,28.9334722,14.49495
686,-1,1,687,2065998988,Kabarera,-1.4498611,28.9809722,14.49495
687,-1,1,688,2065998989,Kahundu,-1.48875,28.9079167,14.49495
688,-1,1,689,2065998990,Kalonge,-1.38125,28.9031944,14.49495
689,-1,1,690,2065998991,Kibirangiro,-1.4309722,28.7809722,14.49495
690,-1,1,691,2065998992,Kibirwa,-1.4695833,28.9765278,14.49495
691,-1,1,692,2065998993,Kiniasi - Matanda,-1.5418056,28.9404167,14.49495
692,-1,1,693,2065998994,Kitumbili,-1.5909722,29.0359722,14.49495
693,-1,1,694,2065998995,Kongo - Matanda,-1.5281944,28.9109722,14.49495
694,-1,1,695,2065998996,Masisi,-1.3970833,28.8170833,14.49495
695,-1,1,696,2065998997,Mindi,-1.4490278,28.7940278,14.49495
696,-1,1,697,2065998998,Mukaka,-1.4415278,28.9484722,14.49495
697,-1,1,698,2065998999,Mumba,-1.4629167,28.8820833,14.49495
698,-1,1,699,2065999000,Mutanda,-1.3818056,28.9598611,14.49495
699,-1,1,700,2065999001,Nyokariba,-1.3706944,28.9734722,14.49495
706,-1,1,707,2066023728,Bihundo,-1.3426389,29.3623611,15.94287
707,-1,1,708,2066023729,Bubugana,-1.3809722,29.4026389,15.94287
708,-1,1,709,2066023730,Bugembwe,-1.5104167,29.0784722,14.49495
709,-1,1,710,2066023734,Busangara,-1.5184722,29.0715278,14.49495
710,-1,1,711,2066023735,Hibumba,-1.5129167,29.3420833,49.46577
711,-1,1,712,2066023736,Kabati,-1.3548611,29.3745833,15.94287
712,-1,1,713,2066023737,Kanombe,-1.3956944,29.3848611,15.94287
713,-1,1,714,2066023738,Kimoka,-1.5479167,29.0620833,14.49495
714,-1,1,715,2066023739,Malyaso,-1.4106944,29.3576389,15.94287
715,-1,1,716,2066023740,Moboga,-1.38125,29.3948611,15.94287
716,-1,1,717,2066023742,Rugari,-1.4118056,29.37625,15.94287
723,-1,1,724,2066651014,Bibama III,-1.4670833,28.5465278,19.79753
724,-1,1,725,2066651015,Bikaniro,-1.5943056,28.9134722,14.49495
725,-1,1,726,2066651016,Bitango,-1.5306944,28.8401389,14.49495
726,-1,1,727,2066651017,Bokanda,-1.2584722,28.8570833,14.49495
727,-1,1,728,2066651018,Buhimba,-1.3668056,28.5976389,19.79753
728,-1,1,729,2066651019,Bukumbi,-1.5515278,28.7790278,14.49495
729,-1,1,730,2066651020,Elangira,-1.4529167,28.54625,19.79753
730,-1,1,731,2066651021,Kabonga,-1.5654167,28.9376389,14.49495
731,-1,1,732,2066651022,Kakungwe,-1.4776389,28.6679167,14.49495
732,-1,1,733,2066651023,Kalonge,-1.4234722,28.7098611,14.49495
733,-1,1,734,2066651024,Kangati,-1.3354167,28.6106944,19.79753
734,-1,1,735,2066651025,Karambi,-1.5351389,28.7693056,14.49495
735,-1,1,736,2066651026,Kasiro,-1.3823611,28.6401389,14.49495
736,-1,1,737,2066651027,Kiangirsi,-1.5198611,28.6051389,14.49495
737,-1,1,738,2066651028,Kibabi,-1.5518056,28.8370833,14.49495
738,-1,1,739,2066651029,Kibira,-1.2501389,28.7959722,14.49495
739,-1,1,740,2066651031,Kikoma,-1.5509722,28.6851389,14.49495
740,-1,1,741,2066651032,Kikuningulwa,-1.3920833,28.6229167,14.49495
741,-1,1,742,2066651033,Kilembo,-1.22875,28.7456944,14.49495
742,-1,1,743,2066651035,Kinene,-1.5718056,28.5776389,14.49495
743,-1,1,744,2066651036,Kinigi,-1.5401389,28.79375,14.49495
744,-1,1,745,2066651037,Kirumbu,-1.2120833,28.93625,14.49495
745,-1,1,746,2066651038,Kishomja,-1.2873611,28.8915278,14.49495
746,-1,1,747,2066651039,Kitabo,-1.4654167,28.5926389,14.49495
747,-1,1,748,2066651040,Lufama,-1.5365278,28.5681944,14.49495
748,-1,1,749,2066651041,Mayo,-1.5548611,28.62125,14.49495
749,-1,1,750,2066651042,Mianza,-1.4548611,28.6218056,14.49495
750,-1,1,751,2066651043,Mitwa II,-1.4245833,28.5529167,19.79753
751,-1,1,752,2066651044,Mitwa,-1.3870833,28.5884722,19.79753
752,-1,1,753,2066651045,Mumba,-1.5873611,28.8790278,14.49495
753,-1,1,754,2066651046,Nabura,-1.2179167,28.87875,14.49495
754,-1,1,755,2066651047,Ngenge,-1.3793056,28.5843056,19.79753
755,-1,1,756,2066651048,Ngoi,-1.51375,28.5976389,14.49495
756,-1,1,757,2066651049,Shango,-1.2881944,28.8623611,14.49495
757,-1,1,758,2066651050,Tshandaka,-1.4390278,28.6304167,14.49495
765,-1,1,766,2074487119,Kashebere,-1.3120833,28.6726389,14.49495
766,-1,1,767,2080731972,Butemura,-1.29625,29.4598611,15.94287
767,-1,1,768,2080731973,Kabizo,-1.16375,29.2318056,15.94287
768,-1,1,769,2080731975,Kahunga,-1.1265278,29.3990278,15.94287
769,-1,1,770,2080731977,Katoro,-1.1131944,29.4381944,15.94287
770,-1,1,771,2080731978,Kibati,-1.5690278,29.2798611,49.46577
771,-1,1,772,2080731980,Monigi,-1.6331944,29.25125,49.46577
772,-1,1,773,2080731981,Rusayo,-1.5798611,29.1831944,49.46577
773,-1,1,774,2080731983,Rutshuru,-1.1868056,29.44625,15.94287
774,-1,1,775,2081465088,Matshumbi,-1.6706944,28.6454167,14.49495
775,-1,1,776,2081473037,Pinga,-0.9840278,28.7020833,19.79753
776,-1,1,777,2088557907,Busangara,-1.51875,29.0443056,14.49495
779,-1,1,780,2213203946,Kirotshe,-1.6131944,29.0315278,14.49495
780,-1,1,781,2229110506,Kakuka,0.5931944,29.9695833,2.67179
781,-1,1,782,2229122824,Nyakisamve,-0.5493056,29.6401389,15.94287
782,-1,1,783,2229122834,Nyarutembe,-1.1340278,29.5754167,15.94287
783,-1,1,784,2232498355,Kalambahiro,-1.25875,28.9920833,14.49495
784,-1,1,785,2514493565,Bunangana,-1.3129167,29.5951389,15.94287
785,-1,1,786,2552870925,hameau,-1.0106944,28.2276389,19.79753
786,-1,1,787,2552870933,hameau,-1.0106944,28.2276389,19.79753
787,-1,1,788,2552870938,hameau,-1.10375,28.29875,19.79753
788,-1,1,789,2552870944,hameau,-1.10375,28.29875,19.79753
792,-1,1,793,2552875379,village,-0.9859722,28.3479167,19.79753
793,-1,1,794,2552931374,Bilundule,-0.8565278,29.1243056,15.94287
794,-1,1,795,2552932051,Kahande,-1.1465278,28.4820833,19.79753
795,-1,1,796,2674671661,Vulumbi,0.1093056,29.3020833,6.29194
796,-1,1,797,2878825710,Bisie,-1.0504167,27.7368056,19.79753
797,-1,1,798,3420978202,Makeke,0.6143056,29.2870833,2.67179
798,-1,1,799,3717974666,Kyavinyonge,-0.1515278,29.55375,2.67179
799,-1,1,800,3758546877,Mweso,-1.1273611,29.0426389,15.94287
805,-1,1,806,4565313910,Kanyasi,-0.0334722,29.3895833,2.67179
806,-1,1,807,4713710653,Kitumbiro,-0.2676389,29.1898611,11.24232
807,-1,1,808,4713727244,Lusogha,-0.8209722,29.1123611,15.94287
808,-1,1,809,4713746248,Butalongola,-0.7423611,29.1634722,15.94287
809,-1,1,810,4713748508,Bulindi,-0.75625,29.1351389,15.94287
810,-1,1,811,4713759630,Kirumba,-0.5595833,29.1884722,11.24232
811,-1,1,812,4874479995,Chambucha,-1.7976389,28.42625,19.79753
812,-1,1,813,4874479996,Hombo,-1.8681944,28.4506944,19.79753
813,-1,1,814,4874484024,Mayuwano,-1.7329167,28.3776389,19.79753
814,-1,1,815,4874484025,Mabimbi,-1.6973611,28.3604167,19.79753
815,-1,1,816,4899603936,Kirima,0.1884722,29.1170833,11.24232
816,-1,1,817,4901647196,Motokolea,0.3579167,28.7651389,11.24232
817,-1,1,818,4901647197,Ngoma,0.35125,28.7606944,11.24232
818,-1,1,819,4901647198,Manguredjipa,0.3534722,28.7656944,11.24232
822,-1,1,823,4901650682,Mbunia,0.4506944,28.8993056,11.24232
823,-1,1,824,4901651024,Zacharia,0.32125,28.88625,11.24232
824,-1,1,825,5168159518,Mulo,-0.1284722,29.2651389,11.24232
825,-1,1,826,5201873084,Nihima,-1.5043056,28.6629167,14.49495
826,-1,1,827,5219973482,Kikuku,-0.9748611,29.0629167,15.94287
827,-1,1,828,5219997161,Mirangi,-0.8934722,29.1001389,15.94287
828,-1,1,829,5220062124,Lusuli,-0.9304167,29.0879167,15.94287
829,-1,1,830,5223340927,Camp de déplacés de Mpati,-1.1506944,28.90625,14.49495
830,-1,1,831,5223383426,Nyange,-1.1473611,28.8540278,14.49495
832,-1,1,833,5357865694,Bunagana,-1.29625,29.5970833,15.94287
833,-1,1,834,5363682044,Bukombo,-1.3301389,28.7715278,14.49495
834,-1,1,835,5509965739,Obaye,-1.3395833,27.7293056,19.79753
835,-1,1,836,5513536292,Mambolo,0.3776389,29.3731944,2.67179
836,-1,1,837,5573251387,Katale,-1.3390278,29.3681944,15.94287
837,-1,1,838,5802326218,Mangodomu,0.5165278,29.3720833,50.14311
838,-1,1,839,5802326219,Kyanzaba,0.5315278,29.3195833,2.67179
839,-1,1,840,5802326220,Mboso,0.5431944,29.3223611,2.67179
840,-1,1,841,5802326563,Kalibi,0.5590278,29.2954167,2.67179
841,-1,1,842,5802326653,Mangodomu II,0.5673611,29.3256944,2.67179
842,-1,1,843,5802405835,Manyuba,0.5798611,29.3279167,2.67179
843,-1,1,844,5802486114,Mangina,0.6034722,29.3068056,2.67179
844,-1,1,845,5802521083,Maosiama,0.6218056,29.2865278,2.67179
845,-1,1,846,5805944302,Mandumbi,0.7298611,29.3679167,2.67179
846,-1,1,847,5808425880,Matula,0.5598611,29.2434722,2.67179
847,-1,1,848,5808425881,Mangole,0.5645833,29.2681944,2.67179
848,-1,1,849,5809452942,Mambabwanga,0.5323611,29.29125,2.67179
849,-1,1,850,5809473925,Bomili,0.5320833,29.2895833,2.67179
850,-1,1,851,5809562054,Mambabwanga III,0.5226389,29.2665278,2.67179
851,-1,1,852,5809562180,Baka,0.5226389,29.2665278,2.67179
852,-1,1,853,5809562191,Mikili,0.5229167,29.26625,2.67179
853,-1,1,854,5809562225,Mabulengo,0.5229167,29.26625,2.67179
854,-1,1,855,5809562226,Kaukabo I,0.5229167,29.26625,2.67179
855,-1,1,856,5809562238,Mbumé,0.5226389,29.2665278,2.67179
856,-1,1,857,5809562239,Mbumé II,0.5226389,29.2665278,2.67179
857,-1,1,858,5809562259,Kaukabo II,0.5198611,29.2534722,2.67179
858,-1,1,859,5809562347,Buyuma,0.5159722,29.25125,2.67179
859,-1,1,860,5810683290,Saha,0.4643056,29.2120833,2.67179
860,-1,1,861,5810683291,Mabalako,0.46125,29.2106944,2.67179
861,-1,1,862,5810683292,Kasuku,0.44875,29.2054167,2.67179
862,-1,1,863,5810864775,Buna,0.4729167,29.2856944,2.67179
863,-1,1,864,5810864858,Buna II,0.4701389,29.2770833,2.67179
864,-1,1,865,5810864881,Irango I,0.5068056,29.2918056,2.67179
865,-1,1,866,5811012893,Moseli,0.5481944,29.2004167,2.67179
866,-1,1,867,5811635011,Mambale,0.4668056,29.2623611,2.67179
867,-1,1,868,5811635285,Visiki III,0.4551389,29.2348611,2.67179
868,-1,1,869,5811635369,Visiki II,0.4598611,29.2301389,2.67179
869,-1,1,870,5811635378,Cantine,0.4581944,29.24375,2.67179
871,-1,1,872,5812164637,Lukuveve,-0.3965278,29.1901389,11.24232
872,-1,1,873,5813169993,Mighobwe,0.5654167,29.18625,2.67179
873,-1,1,874,5814974515,Paida,0.4745833,29.5001389,50.14311
874,-1,1,875,5815778537,Mununzi,0.5934722,29.24125,2.67179
875,-1,1,876,5816850043,Mangwengwete,0.5595833,29.2354167,2.67179
876,-1,1,877,5819403934,Nyaleke,0.4768056,29.4923611,50.14311
877,-1,1,878,5819405676,Mangolikene,0.4706944,29.5004167,50.14311
878,-1,1,879,5819504320,Talyata,0.4673611,29.5048611,50.14311
879,-1,1,880,5819504321,Buitse,0.4748611,29.5051389,50.14311
880,-1,1,881,5821929229,Manzua,0.5665278,29.3656944,2.67179
881,-1,1,882,5821929230,Molende,0.60125,29.3579167,2.67179
882,-1,1,883,5821931108,Burutsu,0.5681944,29.3823611,2.67179
883,-1,1,884,5821931230,Bunzi,0.5054167,29.3868056,50.14311
884,-1,1,885,5821931245,Kasanga-Tuha,0.5015278,29.4234722,50.14311
887,-1,1,888,5826107102,Pandekali,0.5134722,29.2031944,2.67179
888,-1,1,889,5826108003,Malese,0.5240278,29.1940278,2.67179
889,-1,1,890,5826108004,Masangi III,0.5109722,29.1798611,2.67179
890,-1,1,891,5826108005,Aloia,0.5123611,29.1881944,2.67179
891,-1,1,892,5826108237,Mangalo,0.5176389,29.1923611,2.67179
892,-1,1,893,5826108238,Masangi I,0.5298611,29.2004167,2.67179
893,-1,1,894,5826108259,Masangi II,0.51375,29.17625,2.67179
894,-1,1,895,5826108260,Rumbay,0.5145833,29.1718056,2.67179
895,-1,1,896,5826108406,Kiavitondo,0.4954167,29.1926389,2.67179
896,-1,1,897,5826108456,Aloi,0.5095833,29.1404167,2.67179
897,-1,1,898,5831416637,Vulambayi,0.4343056,29.1879167,2.67179
898,-1,1,899,5831416642,Vatanda,0.4276389,29.1851389,2.67179
899,-1,1,900,5831416650,Kakuka,0.41875,29.1790278,2.67179
900,-1,1,901,5832935967,Tuha,0.4770833,29.4381944,50.14311
901,-1,1,902,5832935968,Malangay,0.4590278,29.4323611,50.14311
902,-1,1,903,5832935969,Mukulia,0.4529167,29.4298611,50.14311
903,-1,1,904,5832935977,Manguaki,0.4504167,29.4215278,50.14311
904,-1,1,905,5832935978,Kahongera,0.4465278,29.4173611,50.14311
905,-1,1,906,5832935980,Kavingu,0.4420833,29.4231944,50.14311
906,-1,1,907,5834910068,Mbumbi,0.4481944,29.3659722,50.14311
907,-1,1,908,5834910671,Kaili,0.4551389,29.4209722,50.14311
908,-1,1,909,5835213855,Mabangwa,0.4673611,29.4304167,50.14311
909,-1,1,910,5835214106,Mabangwa II,0.4673611,29.4304167,50.14311
910,-1,1,911,5835214482,Mathali,0.4434722,29.4495833,50.14311
911,-1,1,912,5835308092,Supa,0.4254167,29.4726389,50.14311
912,-1,1,913,5835308093,Mbilali,0.4184722,29.4706944,50.14311
913,-1,1,914,5835308126,Masya,0.4651389,29.4876389,50.14311
914,-1,1,915,5835308127,Kalingote,0.4348611,29.4690278,50.14311
915,-1,1,916,5835308455,Tatango,0.4620833,29.4743056,50.14311
917,-1,1,918,5843199777,Tabi,0.4148611,29.4004167,50.14311
919,-1,1,920,5843199932,Kabasha I,0.3876389,29.3818056,2.67179
920,-1,1,921,5845482471,Mbaya,0.4009722,29.3665278,2.67179
921,-1,1,922,5845482475,Mataba,0.38375,29.3765278,2.67179
922,-1,1,923,5845483896,Muomo,0.3865278,29.34375,2.67179
923,-1,1,924,5845485398,Kalunguta,0.3231944,29.3545833,2.67179
924,-1,1,925,5845485399,Mahohe,0.3181944,29.35125,2.67179
925,-1,1,926,5845485400,Kibwe,0.3065278,29.3434722,2.67179
926,-1,1,927,5845485442,Kathanda,0.3148611,29.35375,2.67179
927,-1,1,928,5845485443,Lombi,0.33125,29.3520833,2.67179
928,-1,1,929,5845485444,Kyavikete,0.3334722,29.3551389,2.67179
929,-1,1,930,5845485445,Malihi,0.3423611,29.3565278,2.67179
930,-1,1,931,5845485446,Kinyimbungu,0.3495833,29.3615278,2.67179
931,-1,1,932,5852012825,Kalongo,0.7423611,29.5231944,2.67179
932,-1,1,933,5852012826,Tenambo,0.7295833,29.5531944,2.67179
933,-1,1,934,5852654085,Butongu,0.3940278,29.4598611,50.14311
934,-1,1,935,5852654203,Pebohe,0.4054167,29.4365278,50.14311
935,-1,1,936,5852655234,Ruwenzori II,0.3745833,29.4376389,2.67179
936,-1,1,937,5855595435,Sindo,0.3973611,29.43625,50.14311
937,-1,1,938,5855595442,Lisasa,0.3195833,29.4268056,2.67179
938,-1,1,939,5855595443,Pabuka,0.3231944,29.40375,2.67179
939,-1,1,940,5858260031,Petenga,0.3406944,29.4151389,2.67179
940,-1,1,941,5860199189,Sehe,0.3470833,29.4031944,2.67179
941,-1,1,942,5860199191,Karibumba,0.3631944,29.3523611,2.67179
942,-1,1,943,5860199192,Mahungu,0.3551389,29.3240278,2.67179
943,-1,1,944,5860199193,Vitongo,0.3268056,29.3506944,2.67179
944,-1,1,945,5860199611,Ngona,0.3084722,29.3906944,2.67179
945,-1,1,946,5860199612,Kilo,0.3348611,29.3804167,2.67179
946,-1,1,947,5860199613,Mumbe,0.3195833,29.3826389,2.67179
947,-1,1,948,5860199632,Komba,0.3354167,29.3470833,2.67179
948,-1,1,949,5866632133,Soma,0.3370833,29.4368056,2.67179
949,-1,1,950,5866632821,Matuna,0.3045833,29.4165278,2.67179
950,-1,1,951,5866632942,Busenga,0.3504167,29.4318056,2.67179
951,-1,1,952,5866632943,Mbongya,0.2954167,29.4231944,2.67179
952,-1,1,953,5866632972,Lisasa II,0.2865278,29.4184722,2.67179
953,-1,1,954,5866632973,Katalio,0.2779167,29.4509722,2.67179
954,-1,1,955,5873988435,Kikio,0.2673611,29.3968056,2.67179
955,-1,1,956,5873988587,Kihaha,0.2609722,29.4209722,2.67179
956,-1,1,957,5873988588,Vuranga,0.2501389,29.3901389,2.67179
957,-1,1,958,5873989122,Vuhenenge,0.2551389,29.38125,2.67179
958,-1,1,959,5875281992,Katanda,0.2423611,29.4279167,2.67179
959,-1,1,960,5877733996,Vuhesi,0.2223611,29.4118056,2.67179
960,-1,1,961,5877734010,Busino,0.21875,29.4101389,2.67179
961,-1,1,962,5880373021,Kikindo,0.2365278,29.4101389,2.67179
962,-1,1,963,5886788833,Busoko,0.2701389,29.3715278,2.67179
963,-1,1,964,5889236643,Lalako,0.2145833,29.3893056,2.67179
964,-1,1,965,5889236644,Kanyatsi,0.2245833,29.3968056,2.67179
965,-1,1,966,5889236897,Bulere,0.2015278,29.3873611,2.67179
966,-1,1,967,5889236912,Vususa,0.1973611,29.4068056,2.67179
967,-1,1,968,5889236973,Munine,0.2054167,29.4006944,2.67179
968,-1,1,969,5889236974,Malihi,0.2234722,29.3879167,2.67179
969,-1,1,970,5889237479,Mumbiri,0.2501389,29.3751389,2.67179
970,-1,1,971,5890139492,Kayanguta,0.2156944,29.37625,2.67179
971,-1,1,972,5890139493,Kasesa,0.19875,29.3465278,2.67179
972,-1,1,973,5890139497,Matale,0.2651389,29.3715278,2.67179
973,-1,1,974,5890139498,Mutendero,0.1995833,29.4159722,2.67179
974,-1,1,975,5890139499,Kalambi,0.2126389,29.4131944,2.67179
975,-1,1,976,5890139500,Vuhombwe,0.1981944,29.4359722,2.67179
976,-1,1,977,5890139501,Kyanyama,0.1929167,29.4406944,2.67179
977,-1,1,978,5890139502,Kivika,0.2004167,29.4468056,2.67179
978,-1,1,979,5890139503,Katolu,0.1851389,29.4459722,2.67179
979,-1,1,980,5890139504,Makungwe II,0.1795833,29.4484722,2.67179
980,-1,1,981,5890139506,Butangi,0.1773611,29.45375,2.67179
981,-1,1,982,5890139507,Bunyuka,0.1440278,29.3681944,2.67179
982,-1,1,983,5893967083,Bwino,0.0884722,29.4820833,2.67179
983,-1,1,984,5893967283,Busali,0.1059722,29.41625,2.67179
984,-1,1,985,5893967820,Kahondo,0.1365278,29.4115278,2.67179
985,-1,1,986,5893967821,Isale,0.1573611,29.4318056,2.67179
986,-1,1,987,5893967822,Vitumbi,0.1481944,29.4076389,2.67179
987,-1,1,988,5895596495,Bulema II,0.1406944,29.3631944,2.67179
988,-1,1,989,5895596496,Bulema I,0.1443056,29.3573611,2.67179
989,-1,1,990,5895596858,Busenga,0.1270833,29.38125,2.67179
990,-1,1,991,5895596998,Busaghala,0.1326389,29.3881944,2.67179
991,-1,1,992,5895596999,Vuhovi,0.1420833,29.4073611,2.67179
992,-1,1,993,5895598756,Vuhima,0.1348611,29.3943056,2.67179
993,-1,1,994,5895598757,Kasinga,0.13625,29.3645833,2.67179
994,-1,1,995,5895598760,Bwatsinge,0.1543056,29.3740278,2.67179
995,-1,1,996,5895598761,Vutondi,0.15875,29.3754167,2.67179
996,-1,1,997,5895598762,Vulimba,0.1648611,29.3704167,2.67179
997,-1,1,998,5895598763,Kayangiro,0.1518056,29.3895833,2.67179
998,-1,1,999,5895598764,Kirungu,0.1618056,29.4076389,2.67179
999,-1,1,1000,5895598765,Kibwe,0.1759722,29.40375,2.67179
1000,-1,1,1001,5898342091,Mandimba,0.1309722,29.3848611,2.67179
1001,-1,1,1002,5898342604,Vuyuwe,0.1904167,29.4015278,2.67179
1002,-1,1,1003,5898342664,Kavale,0.1879167,29.3984722,2.67179
1003,-1,1,1004,5898342666,Tote,0.1848611,29.4045833,2.67179
1004,-1,1,1005,5898342798,Isumba,0.0981944,29.3818056,2.67179
1005,-1,1,1006,5898342998,Morondoro-Kighali,0.0915278,29.3834722,2.67179
1006,-1,1,1007,5898342999,Vubina,0.09375,29.3873611,2.67179
1007,-1,1,1008,5898470874,Butsiko,0.0884722,29.38375,2.67179
1008,-1,1,1009,5900859492,Morondoro-Kiani,0.0923611,29.3798611,2.67179
1009,-1,1,1010,5900859493,Mulumbi,0.1415278,29.3993056,2.67179
1010,-1,1,1011,5900859494,Vurumbe,0.1526389,29.4140278,2.67179
1011,-1,1,1012,5900859498,Liniambo,0.1743056,29.4334722,2.67179
1012,-1,1,1013,5907141612,Bendera,0.56375,29.47875,2.67179
1013,-1,1,1014,5907141735,Boikene,0.5173611,29.4918056,50.14311
1014,-1,1,1015,5907198743,Majihi,0.5298611,29.4934722,50.14311
1015,-1,1,1016,5907198744,Munyambelu,0.50375,29.4934722,50.14311
1016,-1,1,1017,5907234687,Mamuli,0.6434722,29.4959722,2.67179
1017,-1,1,1018,5907234695,Vuhimbandere,0.6156944,29.4881944,2.67179
1018,-1,1,1019,5907581827,Sayo,0.5670833,29.4356944,2.67179
1019,-1,1,1020,5907581828,Mulekia,0.5554167,29.42875,50.14311
1020,-1,1,1021,5908908586,Makumbo,0.6184722,29.48625,2.67179
1021,-1,1,1022,5908908601,Sikwaila II,0.6265278,29.4890278,2.67179
1022,-1,1,1023,5908908602,Matapi,0.6318056,29.4918056,2.67179
1023,-1,1,1024,5908908603,Mangboko,0.6343056,29.4906944,2.67179
1024,-1,1,1025,5908908625,Kitoho,0.6381944,29.4945833,2.67179
1025,-1,1,1026,5908908628,Kebikeba,0.6534722,29.4918056,2.67179
1026,-1,1,1027,5908908629,Linzo-Mbau,0.65375,29.4856944,2.67179
1027,-1,1,1028,5908908682,Kalonge-Mbau,0.6568056,29.4701389,2.67179
1028,-1,1,1029,5908908702,Upende,0.6601389,29.4540278,2.67179
1029,-1,1,1030,5908908703,Upende II,0.6645833,29.4445833,2.67179
1030,-1,1,1031,5908908720,Musuku,0.6684722,29.4251389,2.67179
1031,-1,1,1032,5908908728,Maliese,0.6801389,29.4101389,2.67179
1032,-1,1,1033,5908908729,Musakwa,0.6870833,29.3945833,2.67179
1033,-1,1,1034,5908908730,Kanunu-Maliese,0.6840278,29.4004167,2.67179
1034,-1,1,1035,5908908742,Maibo,0.66125,29.4993056,2.67179
1035,-1,1,1036,5908908757,Ngite III,0.6134722,29.4890278,2.67179
1036,-1,1,1037,5908908758,Ngite II,0.6015278,29.4951389,2.67179
1037,-1,1,1038,5908908763,Mangango II,0.5218056,29.36125,2.67179
1038,-1,1,1039,5908908764,Bingo III,0.5240278,29.3393056,2.67179
1039,-1,1,1040,5908908766,Bingo II,0.5234722,29.3431944,2.67179
1040,-1,1,1041,5908908767,Kalemie,0.5284722,29.3140278,2.67179
1041,-1,1,1042,5908908768,Tokou,0.5365278,29.3201389,2.67179
1042,-1,1,1043,5908908769,Somucar,0.5523611,29.3218056,2.67179
1043,-1,1,1044,5908908784,Mizebere,0.4176389,29.4073611,50.14311
1044,-1,1,1045,5912978444,Ndeengere,0.4359722,29.4409722,50.14311
1045,-1,1,1046,5913157832,Tinge,0.28375,29.3370833,2.67179
1046,-1,1,1047,5913157842,Musasa,0.2881944,29.3315278,2.67179
1047,-1,1,1048,5913157880,Mulingo,0.28125,29.33125,2.67179
1048,-1,1,1049,5913157881,Riviro,0.2748611,29.3295833,2.67179
1049,-1,1,1050,5913158332,Masongo,0.2481944,29.3204167,2.67179
1050,-1,1,1051,5913158333,Kitahuka,0.2593056,29.3293056,2.67179
1051,-1,1,1052,5917397737,Saha II,0.4593056,29.2223611,2.67179
1052,-1,1,1053,5917398822,Buluhe,0.3690278,29.26875,2.67179
1053,-1,1,1054,5917398823,Kisungu,0.3834722,29.2356944,2.67179
1054,-1,1,1055,5917398824,Masangi,0.3954167,29.2148611,2.67179
1055,-1,1,1056,5917399048,Luwulo,0.3018056,29.3268056,2.67179
1056,-1,1,1057,5917645883,Temba,0.21375,29.2790278,2.67179
1057,-1,1,1058,5917645884,Ndulitulu,0.2026389,29.2768056,2.67179
1058,-1,1,1059,5917645996,Kigheri,0.1904167,29.3043056,6.29194
1059,-1,1,1060,5917646001,Kisalala,0.17875,29.3073611,6.29194
1061,-1,1,1062,5925998116,Lubena,0.4906944,29.1218056,2.67179
1062,-1,1,1063,5925998117,Mavwé,0.5101389,29.1465278,2.67179
1063,-1,1,1064,5925998118,Mburara,0.5109722,29.1501389,2.67179
1064,-1,1,1065,5928232895,Kitohu,0.4898611,29.1495833,2.67179
1065,-1,1,1066,5928233113,Kibabashi,0.4729167,29.1551389,2.67179
1066,-1,1,1067,5928233516,Kigholo,0.4668056,29.1640278,2.67179
1067,-1,1,1068,5928234044,Kenge,0.4651389,29.1101389,2.67179
1068,-1,1,1069,5928234448,Koumiaru,0.4251389,29.1101389,2.67179
1069,-1,1,1070,5928234732,Ikala,0.4415278,29.1273611,2.67179
1070,-1,1,1071,5928235301,Masua III,0.4154167,29.1581944,2.67179
1071,-1,1,1072,5928235302,Masua I,0.4240278,29.1440278,2.67179
1072,-1,1,1073,5928235303,Ngazi II,0.4201389,29.1554167,2.67179
1073,-1,1,1074,5928235304,Masua II,0.4259722,29.1493056,2.67179
1074,-1,1,1075,5928235305,Kyolo,0.4343056,29.1470833,2.67179
1075,-1,1,1076,5928271141,Malondo,0.4015278,29.19625,2.67179
1076,-1,1,1077,5928271142,Kyambeo,0.4070833,29.1918056,2.67179
1077,-1,1,1078,5928271144,Waliverio,0.3554167,29.18125,2.67179
1078,-1,1,1079,5928271145,Vusayiro,0.35875,29.1879167,2.67179
1080,-1,1,1081,5955675921,Kitimba IV,0.6709722,29.90625,2.67179
1081,-1,1,1082,5955675922,Mpoku II,0.6834722,29.9095833,2.67179
1082,-1,1,1083,5955675923,Mpoku I,0.6876389,29.9093056,2.67179
1083,-1,1,1084,5955675924,Kyongio,0.6915278,29.9151389,2.67179
1084,-1,1,1085,5955675925,Bukonko,0.7054167,29.9154167,2.67179
1085,-1,1,1086,5955675926,Mamuwambalia,0.7109722,29.9201389,2.67179
1086,-1,1,1087,5955675927,Kinzazaba I,0.7131944,29.9229167,2.67179
1087,-1,1,1088,5955675928,Kinzazaba II,0.7204167,29.9231944,2.67179
1088,-1,1,1089,5955675929,Kinzazaba III,0.7256944,29.9220833,2.67179
1089,-1,1,1090,5955675931,Kinzazaba IV,0.7295833,29.9218056,2.67179
1090,-1,1,1091,5955675932,Mulopia I,0.7406944,29.9215278,2.67179
1091,-1,1,1092,5955675933,Mulopia II,0.7520833,29.9273611,2.67179
1092,-1,1,1093,5955675936,Ndiva I,0.74125,29.90875,2.67179
1093,-1,1,1094,5956444362,Gawa III,0.7029167,29.92875,2.67179
1094,-1,1,1095,5956444363,Gawa IV,0.7084722,29.9340278,2.67179
1095,-1,1,1096,5956444364,Aslione,0.7093056,29.9426389,2.67179
1096,-1,1,1097,5956444367,Gawa II,0.6920833,29.9570833,2.67179
1097,-1,1,1098,5956444368,Gawa I,0.7045833,29.9626389,2.67179
1098,-1,1,1099,5956444369,Manguinbele,0.7168056,29.9618056,2.67179
1099,-1,1,1100,5956444370,Bugado,0.7384722,29.9706944,2.67179
1100,-1,1,1101,5968341716,Lamia,0.6301389,29.9523611,2.67179
1101,-1,1,1102,5969713387,Nobili,0.6290278,29.94125,2.67179
1102,-1,1,1103,5969713388,Baruti,0.6281944,29.9315278,2.67179
1103,-1,1,1104,6033120231,Vulindi,0.1693056,29.2868056,6.29194
1104,-1,1,1105,6033120240,Lundi,0.2118056,29.3326389,2.67179
1105,-1,1,1106,6033120269,Mutundu,0.1754167,29.3454167,2.67179
1106,-1,1,1107,6033120273,Bulegha,0.1715278,29.35625,2.67179
1107,-1,1,1108,6033120274,Mutano,0.1648611,29.3540278,2.67179
1108,-1,1,1109,6033120275,Vuhinga,0.1701389,29.3506944,2.67179
1109,-1,1,1110,6035301090,Bukoroghoto,0.1531944,29.3518056,2.67179
1110,-1,1,1111,6035301108,Lime,0.2156944,29.3201389,2.67179
1111,-1,1,1112,6040946599,Busiangwa,0.1881944,29.3318056,6.29194
1112,-1,1,1113,6040946661,Kaporalo,0.2209722,29.3206944,2.67179
1113,-1,1,1114,6043099435,Katwa,0.0934722,29.3093056,6.29194
1114,-1,1,1115,6043400396,Mahano,0.1554167,29.3356944,6.29194
1115,-1,1,1116,6043400407,Kyaghala,0.1229167,29.3354167,6.29194
1116,-1,1,1117,6043400408,Kivunano,0.1301389,29.3554167,6.29194
1117,-1,1,1118,6043400488,Kirivata,0.1123611,29.3401389,6.29194
1120,-1,1,1121,6050216731,Mapendo II,0.44875,29.4815278,50.14311
1121,-1,1,1122,6050216732,Mapendo I,0.4298611,29.4743056,50.14311
1122,-1,1,1123,6056516164,Kikura,0.5823611,29.9623611,2.67179
1123,-1,1,1124,6056522299,Kituti,0.5748611,29.9670833,2.67179
1124,-1,1,1125,6056522300,Kihotsa,0.5584722,29.9701389,2.67179
1125,-1,1,1126,6056522315,Bulesa,0.5548611,29.9620833,2.67179
1126,-1,1,1127,6056522316,Njado Kikura,0.5768056,29.9556944,2.67179
1127,-1,1,1128,6056522317,Buseya,0.5615278,29.94625,2.67179
1128,-1,1,1129,6056522318,Irangio I,0.5709722,29.9465278,2.67179
1129,-1,1,1130,6056522319,Irangio II,0.5731944,29.9426389,2.67179
1130,-1,1,1131,6056522320,Rwasa-Bugemba,0.5601389,29.9245833,2.67179
1131,-1,1,1132,6056522323,Vukowa,0.5701389,29.9206944,2.67179
1132,-1,1,1133,6056522346,Mpoko,0.5776389,29.91875,2.67179
1133,-1,1,1134,6056634521,Luanoli II,0.5990278,29.8954167,2.67179
1135,-1,1,1136,6058897178,Ndatsa,0.5959722,29.9059722,2.67179
1136,-1,1,1137,6058897179,Kisufie,0.5884722,29.9190278,2.67179
1137,-1,1,1138,6058897180,Kasulenge,0.5998611,29.9104167,2.67179
1138,-1,1,1139,6058897181,Kihingu,0.6009722,29.8881944,2.67179
1139,-1,1,1140,6058897182,Mbutaluma,0.5934722,29.8790278,2.67179
1140,-1,1,1141,6071872693,Ndama,0.5926389,29.8656944,2.67179
1141,-1,1,1142,6080852301,Vutahira,0.1070833,29.3268056,6.29194
1142,-1,1,1143,6103850885,Kaghumo,0.0820833,29.3731944,2.67179
1143,-1,1,1144,6104248819,Mikoto,0.0831944,29.36125,2.67179
1144,-1,1,1145,6104249494,Kavingu II,0.0798611,29.3570833,6.29194
1145,-1,1,1146,6104249495,Kugheki,0.0806944,29.34875,6.29194
1146,-1,1,1147,6104249496,Matsinga,0.0801389,29.3515278,6.29194
1147,-1,1,1148,6104249505,Mumole,0.0893056,29.3498611,6.29194
1148,-1,1,1149,6104249534,Misebere,0.0856944,29.3306944,6.29194
1149,-1,1,1150,6104249535,Ngingi,0.0726389,29.3409722,6.29194
1150,-1,1,1151,6104249538,Kasiyiro,0.0693056,29.3623611,2.67179
1151,-1,1,1152,6104249539,Kavingu I,0.0665278,29.3648611,11.24232
1152,-1,1,1153,6114834273,Itendi II,0.2568056,29.0304167,11.24232
1153,-1,1,1154,6120156947,Mengo,0.0779167,29.2793056,11.24232
1154,-1,1,1155,6122489377,Ndando,0.0645833,29.2809722,11.24232
1155,-1,1,1156,6122839611,Vighole,0.0740278,29.3090278,6.29194
1156,-1,1,1157,6129387239,Nduko,0.10375,29.2718056,11.24232
1157,-1,1,1158,6130022367,Musinga,0.0584722,29.3701389,11.24232
1158,-1,1,1159,6130022368,Musenda,0.0559722,29.3734722,11.24232
1159,-1,1,1160,6130022369,Kinyatsi,0.0523611,29.3540278,11.24232
1160,-1,1,1161,6202413124,Vusumba,0.0304167,29.2595833,11.24232
1161,-1,1,1162,6202413133,Mutinga,0.0315278,29.2554167,11.24232
1163,-1,1,1164,6252657042,Ishango-Isoro,-0.1356944,29.60125,2.67179
1164,-1,1,1165,6441112854,Kazinga,-1.4418056,28.6943056,14.49495
1165,-1,1,1166,6758931512,Rubiriha,-0.0831944,29.6965278,2.67179
1166,-1,1,1167,6776870265,Rurangara,-1.2051389,29.5848611,15.94287
1167,-1,1,1168,6776870268,Gatsibo,-1.3009722,29.5995833,15.94287
1168,-1,1,1169,6776870269,Muko,-1.0951389,29.5795833,15.94287
1169,-1,1,1170,6776870270,Nyarutembe,-1.1170833,29.5779167,15.94287
1170,-1,1,1171,6776870279,Nyamikumbu,-1.0729167,29.5854167,15.94287
1171,-1,1,1172,6776907187,Kanyampiriko,-1.30125,29.5995833,15.94287
1172,-1,1,1173,6776907188,Kigezi,-1.1340278,29.5754167,15.94287
1173,-1,1,1174,6776907190,Bikora,-1.0868056,29.5831944,15.94287
1174,-1,1,1175,6776907191,Bunagana Trading Centre,-1.29625,29.5970833,15.94287
1175,-1,1,1176,6776907193,Nyamikumbu,-1.0729167,29.5854167,15.94287
1176,-1,1,1177,6776907194,Kirambo,-1.2306944,29.6056944,15.94287
1177,-1,1,1178,6776907195,Kageyo,-1.24125,29.6026389,15.94287
1178,-1,1,1179,6776907197,Busanza,-1.3076389,29.6015278,15.94287
1179,-1,1,1180,6776907198,Gatsibo,-1.3009722,29.5995833,15.94287
1242,-1,1,1243,7237065024,Biambe,0.2595833,28.9698611,11.24232
2050,-1,1,2051,7389700209,Kasaka,-0.0090278,29.5223611,2.67179
2095,-1,1,2096,7410016247,Mbukudu,0.31125,29.4193056,2.67179
2365,-1,1,2366,7467513188,Kambale,0.4148611,29.2901389,2.67179
3038,-1,1,3039,7517267989,Maibo,0.7504167,29.5643056,2.67179
3158,-1,1,3159,7547650231,Kasinga,0.2720833,29.1776389,2.67179
3981,-1,1,3982,7769935652,Kasanga/Tuha,0.4984722,29.4309722,50.14311
3982,-1,1,3983,7769935653,Mambango,0.49625,29.4001389,50.14311
3983,-1,1,3984,7769935654,Kalibo,0.5626389,29.2851389,2.67179
3984,-1,1,3985,7769935655,Mangodomu,0.5793056,29.3306944,2.67179
3985,-1,1,3986,7769935656,Mundubiena,0.61625,29.3368056,2.67179
3986,-1,1,3987,7769935657,Manzuha,0.5956944,29.4023611,2.67179
3987,-1,1,3988,7769935658,Kichwatembo,0.5570833,29.4523611,2.67179
3988,-1,1,3989,7769935659,Cebca Kathundula,0.47125,29.2809722,2.67179
3989,-1,1,3990,7769935660,Burandingi,0.4876389,29.25375,2.67179
3990,-1,1,3991,7769935661,Beka,0.5068056,29.2918056,2.67179
3991,-1,1,3992,7769935662,Lohulo,0.44375,29.2043056,2.67179
3992,-1,1,3993,7769935663,Central,0.5256944,29.1973611,2.67179
3993,-1,1,3994,7769935664,Manzali,0.4973611,29.1915278,2.67179
3994,-1,1,3995,7769935665,Pumzika,0.60375,29.1226389,2.67179
3995,-1,1,3996,7769935666,Kipabashi,0.4829167,29.1201389,2.67179
3996,-1,1,3997,7769935667,Lubena/Gite,0.4856944,29.1223611,2.67179
3997,-1,1,3998,7769935668,Lubena/Yambi-Yaya Ii,0.5034722,29.1293056,2.67179
3998,-1,1,3999,7769935669,Lubena/Yambi-Yaya I,0.5020833,29.1326389,2.67179
3999,-1,1,4000,7769935670,Masangi,0.4115278,29.1801389,2.67179
4000,-1,1,4001,7769935671,Visiki,0.3868056,29.2404167,2.67179
4001,-1,1,4002,7769935672,Kamaume II,0.4459722,29.2020833,2.67179
4002,-1,1,4003,7769935673,Kamaume I,0.4470833,29.2040278,2.67179
4003,-1,1,4004,7769935674,Fcl Bahatsa,0.4318056,29.7281944,2.67179
4004,-1,1,4005,7769935675,Madioka,0.4243056,29.7309722,2.67179
4005,-1,1,4006,7769935676,Bahatsa,0.4301389,29.7295833,2.67179
4012,-1,1,4013,7846541027,Buthahira,0.2640278,29.1870833,2.67179
4013,-1,1,4014,7846541028,Shangi,-1.3209722,29.4884722,15.94287
4014,-1,1,4015,7846541029,Busihe,-1.3426389,28.9151389,14.49495
4015,-1,1,4016,7846541030,Kavumu,-1.3715278,28.9073611,14.49495
4016,-1,1,4017,7846541031,Lushali,-1.3356944,28.6901389,14.49495
4017,-1,1,4018,7846541032,Bikenge,-1.3920833,28.8748611,14.49495
4018,-1,1,4019,7846541033,Kyabondo,-1.6701389,28.9998611,14.49495
4019,-1,1,4020,7846541034,Kaniro,-1.4876389,28.8159722,14.49495
4020,-1,1,4021,7846541036,Kazebere,0.3854167,29.3420833,2.67179
4021,-1,1,4022,7846541037,Vuswagha,0.4173611,29.3151389,2.67179
4022,-1,1,4023,7846541038,Kabase,-1.6590278,28.9845833,14.49495
4023,-1,1,4024,7846541040,Makavya,-1.6720833,28.9895833,14.49495
4024,-1,1,4025,7846541041,Soma,0.3298611,29.4129167,2.67179
4025,-1,1,4026,7846541042,Rukwe,-1.3979167,29.0170833,14.49495
4026,-1,1,4027,7846541043,Bukombo,-1.3279167,28.7715278,14.49495
4027,-1,1,4028,7846541044,Katobotobo,-1.50625,28.7443056,14.49495
4028,-1,1,4029,7846541045,Nyamitaba,-1.37375,28.9951389,14.49495
4029,-1,1,4030,7846541046,Kyavisogho,0.32125,29.2490278,2.67179
4030,-1,1,4031,7846541048,Kionde,-1.6420833,28.9959722,14.49495
4031,-1,1,4032,7846541049,Mirole,-1.6676389,28.9906944,14.49495
4032,-1,1,4033,7846541050,Kakonze Burusi,-0.0709722,29.4706944,2.67179
4033,-1,1,4034,7846541052,Makombo,-1.4729167,29.04125,14.49495
4034,-1,1,4035,7846541053,Kazinga,-1.4273611,28.68625,14.49495
4035,-1,1,4036,7846541054,Ruweni,-1.6751389,29.0065278,14.49495
4036,-1,1,4037,7846541055,Loashi,-1.3634722,28.7890278,14.49495
4037,-1,1,4038,7846541056,Lisasa,0.2973611,29.4240278,2.67179
4038,-1,1,4039,7846541057,Kima,0.37375,29.3173611,2.67179
4039,-1,1,4040,7846541060,Kihuma,-1.42875,28.7806944,14.49495
4040,-1,1,4041,7846541061,Visiki,0.3829167,29.2359722,2.67179
4041,-1,1,4042,7846541062,Humule,-1.58875,28.9168056,14.49495
4042,-1,1,4043,7846541063,Kibati,-1.4615278,29.0345833,14.49495
4043,-1,1,4044,7846541064,Lwandanda,-1.5115278,28.7520833,14.49495
4044,-1,1,4045,7846541065,Rubare,-1.4793056,28.9468056,14.49495
4045,-1,1,4046,7846541066,N'Kokwe,-1.3329167,29.4465278,15.94287
4046,-1,1,4047,7846541067,Kasobo,-1.3315278,28.6793056,14.49495
4047,-1,1,4048,7846541068,Mushwira,-1.6584722,28.9931944,14.49495
4048,-1,1,4049,7846541070,Kitsimba 2,0.2873611,29.4190278,2.67179
4049,-1,1,4050,7846541071,Kitsimba 1,0.2906944,29.4129167,2.67179
4050,-1,1,4051,7846541072,Kiluku,-1.6404167,29.0040278,14.49495
4051,-1,1,4052,7846541073,Malimbi,-1.3681944,28.9284722,14.49495
4052,-1,1,4053,7846541075,Bushuhe,-1.5856944,28.9884722,14.49495
4053,-1,1,4054,7846541076,Mahanga,-1.3540278,28.6698611,14.49495
4054,-1,1,4055,7846541077,Ruhegeri,-1.6276389,28.9176389,14.49495
4055,-1,1,4056,7846541078,Buguri,-1.4315278,28.8884722,14.49495
4056,-1,1,4057,7846541079,Katale,-1.4406944,28.8390278,14.49495
4057,-1,1,4058,7846541080,Kivukulu,-0.4423611,28.9804167,11.24232
4058,-1,1,4059,7846541081,Kitulu,0.2593056,29.1848611,2.67179
4059,-1,1,4060,7846541082,Kishonza,-1.4393056,28.7673611,14.49495
4060,-1,1,4061,7846541083,Mpanamo,-1.3673611,28.9051389,14.49495
4061,-1,1,4062,7846541084,Kavuhiriro,0.2709722,29.3706944,2.67179
4063,-1,1,4064,8065128610,EERA Vitchai,0.1045833,29.2976389,6.29194
